# File produced by Open Asset Import Library (http://www.assimp.sf.net)
# (assimp v5.0.1588609223)

mtllib result.mtl

# 854 vertex positions
v  -0.017941309 2.2960746 -1.1221677
v  0.19246387 2.8903422 -0.26361594
v  0.27003136 2.2960746 -0.27382824
v  0.21143708 2.2960746 0.62013751
v  0.19246387 1.7018067 -0.26361585
v  0.13586675 2.8903427 0.59988862
v  0.13586675 1.7018068 0.59988868
v  -0.034952477 3.4441113 -0.23367612
v  -0.085696384 3.4441113 0.54052085
v  1.8526075 4.5124636 -0.54809058
v  1.4918015 4.5124636 -0.27123401
v  2.0064001 4.5921497 0.025869614
v  2.3035038 4.5124636 -0.48872909
v  0.86818451 4.2845335 -0.1239792
v  1.4324396 4.5124636 0.17966184
v  1.0121708 4.2845335 -0.54814911
v  1.7092965 4.5124636 0.54046834
v  2.1601918 4.5124636 0.59982991
v  2.5209987 4.5124636 0.32297322
v  2.5803607 4.5124636 -0.12792265
v  2.9171996 4.2845335 -0.67301089
v  0.39672032 3.9196446 -0.18604869
v  0.43815222 3.9196446 0.44608057
v  0.89748126 4.2845335 0.32300356
v  1.0956007 4.2845335 0.72475034
v  0.60034782 3.9196446 -0.78591502
v  1.4323815 4.2845335 1.020099
v  1.8565518 4.2845335 1.1640853
v  3.1446149 4.2845335 0.17571847
v  3.115319 4.2845335 -0.27126423
v  3.5746479 3.9196446 -0.39434081
v  3.2944653 3.9196446 -0.96249741
v  0.085696384 3.4441113 0.54052085
v  0.71833611 3.9196446 1.0142363
v  0.28434464 3.4441113 -0.96836019
v  0.034952477 3.4441113 -0.23367612
v  1.1946152 3.9196448 1.4319226
v  3.0006292 4.2845335 0.59988827
v  3.61608 3.9196446 0.23778833
v  3.9271035 3.4441113 -0.48878145
v  3.5839491 3.4441113 -1.1846268
v  0.42884994 3.4441118 1.2363665
v  0.79590321 3.4441113 -1.5516814
v  0.08569625 2.8903422 -1.0830489
v  -0.19246387 2.8903422 -0.26361594
v  2.7052805 4.2845335 0.93666911
v  3.4124529 3.9196446 0.83765453
v  3.9778478 3.4441113 0.28541547
v  4.1486673 2.8903422 -0.54814881
v  3.765928 2.8903422 -1.3242638
v  3.0006301 3.4441113 -1.6961863
v  0.65626639 2.8903422 -1.733659
v  -0.13586675 2.8903427 0.59988862
v  2.3035343 4.2845335 1.1347885
v  3.7284548 3.4441118 1.0200998
v  4.2052641 2.8903427 0.31535566
v  4.224237 2.2960746 -0.568398
v  3.115319 2.8903422 -1.8948337
v  3.8279974 2.2960746 -1.3718919
v  -0.21143708 2.2960746 0.62013751
v  0.24687168 2.8903427 1.3760033
v  1.0121715 3.4441118 1.7479259
v  1.7944819 3.9196448 1.6355504
v  4.2828302 2.2960746 0.32556781
v  3.9271033 2.8903427 1.1347886
v  3.1544371 2.2960744 -1.9625893
v  2.2958858 2.8903422 -2.1729934
v  -0.27003136 2.2960746 -0.27382824
v  0.18480171 2.2960746 1.4236311
v  0.89748186 2.8903427 1.9465734
v  1.7468544 3.4441118 1.9973168
v  2.4266109 3.9196448 1.5941175
v  2.3060975 2.2960744 -2.2505612
v  1.4323815 2.8903422 -2.1163964
v  0.017941309 2.2960746 -1.1221677
v  0.08569625 1.7018067 -1.0830488
v  -0.19246387 1.7018067 -0.26361585
v  2.5210509 3.4441118 1.9465728
v  1.7169141 2.8903427 2.2247331
v  2.9947665 3.9196448 1.313935
v  1.4121327 2.2960744 -2.1919682
v  0.60863894 2.2960744 -1.7957282
v  0.65626639 1.7018067 -1.733659
v  0.79590321 1.1480376 -1.5516812
v  0.28434464 1.1480376 -0.96836001
v  -0.13586675 1.7018068 0.59988868
v  0.24687168 1.7018068 1.3760035
v  1.4323815 1.7018067 -2.1163964
v  1.4917492 1.1480376 -1.8948337
v  1.0180335 0.67250496 -1.2621953
v  1.5861893 0.6725049 -1.5423784
v  0.034952477 1.1480377 -0.23367599
v  0.60034782 0.67250496 -0.78591484
v  0.89748186 1.7018068 1.9465735
v  0.85836303 2.2960746 2.0143278
v  2.2958858 1.7018067 -2.1729934
v  1.7468544 1.1480378 1.997317
v  1.7169141 1.7018068 2.2247334
v  1.0121715 1.1480378 1.747926
v  1.7067026 2.2960746 2.3023009
v  3.2168968 3.4441118 1.6034203
v  3.115319 1.7018067 -1.8948337
v  2.5210509 1.1480378 1.9465729
v  2.5804186 1.7018068 2.1681361
v  0.42884994 1.1480378 1.2363667
v  2.5804186 2.8903427 2.1681361
v  2.6006682 2.2960746 2.2437074
v  3.3565335 2.8903427 1.7853987
v  3.9948587 2.2960746 1.1739069
v  3.765928 1.7018067 -1.3242636
v  3.3565335 1.7018068 1.7853988
v  3.4041622 2.2960746 1.8474685
v  3.9271033 1.7018068 1.1347886
v  4.2052641 1.7018067 0.31535575
v  3.0006301 1.1480376 -1.6961862
v  3.5839491 1.1480376 -1.1846267
v  4.1486673 1.7018067 -0.54814875
v  3.2168968 1.1480378 1.6034204
v  3.7284548 1.1480378 1.0200999
v  3.9778478 1.1480377 0.28541562
v  2.2183189 0.6725049 -1.5838107
v  2.2659457 1.1480376 -1.9455777
v  2.8181856 0.6725049 -1.3801829
v  3.2944653 0.67250496 -0.96249723
v  3.9271035 1.1480377 -0.48878133
v  2.9947665 0.67250502 1.3139352
v  2.4266109 0.67250514 1.5941176
v  3.4124529 0.67250502 0.83765477
v  3.61608 0.67250502 0.23778853
v  3.5746479 0.67250496 -0.39434063
v  2.5804186 0.30761552 -0.96835995
v  2.9171996 0.30761552 -0.67301065
v  2.3035343 0.30761564 1.1347888
v  2.7052805 0.30761564 0.93666935
v  1.7944819 0.67250514 1.6355505
v  3.0006292 0.30761561 0.5998885
v  3.1446149 0.30761558 0.17571872
v  1.7092668 0.30761552 -1.0830487
v  3.115319 0.30761555 -0.27126399
v  1.8565518 0.30761564 1.1640855
v  2.1601918 0.079685792 0.59983021
v  2.5209987 0.079685777 0.32297352
v  1.1946152 0.67250514 1.4319227
v  2.5803607 0.079685748 -0.1279224
v  1.3075194 0.30761552 -0.88492942
v  2.1562483 0.30761552 -1.1123455
v  1.7092965 0.079685792 0.54046857
v  2.0064001 1.5419656e-09 0.025869887
v  0.71833611 0.67250502 1.0142366
v  1.4323815 0.30761564 1.0200993
v  0.085696384 1.1480378 0.54052097
v  2.3035038 0.079685733 -0.48872882
v  0.43815222 0.67250502 0.44608074
v  1.0956007 0.30761561 0.72475058
v  1.4324396 0.07968577 0.17966209
v  0.39672032 0.67250496 -0.18604849
v  1.8526075 0.079685725 -0.54809028
v  0.89748126 0.30761558 0.3230038
v  0.86818451 0.30761558 -0.12397896
v  1.4918015 0.079685748 -0.27123371
v  1.0121708 0.30761552 -0.54814887
v  2.5804186 4.2845335 -0.96836025
v  2.8181856 3.9196446 -1.380183
v  2.1562483 4.2845335 -1.1123457
v  2.2183189 3.9196446 -1.5838108
v  1.7092668 4.2845335 -1.0830489
v  1.3075194 4.2845335 -0.88492966
v  1.5861893 3.9196446 -1.5423787
v  2.2659457 3.4441113 -1.945578
v  1.0180335 3.9196446 -1.2621955
v  1.4917492 3.4441113 -1.8948338
v  -0.89748126 4.2845335 0.32300356
v  -1.4324396 4.5124636 0.17966184
v  -1.0956007 4.2845335 0.72475034
v  -0.86818451 4.2845335 -0.1239792
v  -0.43815222 3.9196446 0.44608057
v  -2.0064001 4.5921497 0.025869614
v  -1.7092965 4.5124636 0.54046834
v  -1.4918015 4.5124636 -0.27123401
v  -1.4323815 4.2845335 1.020099
v  -0.71833611 3.9196446 1.0142363
v  -0.39672032 3.9196446 -0.18604869
v  -1.8565518 4.2845335 1.1640853
v  -2.1601918 4.5124636 0.59982991
v  -1.8526075 4.5124636 -0.54809058
v  -1.1946152 3.9196448 1.4319226
v  -0.42884994 3.4441118 1.2363665
v  -2.3035343 4.2845335 1.1347885
v  -1.7944819 3.9196448 1.6355504
v  -2.7052805 4.2845335 0.93666911
v  -2.5209987 4.5124636 0.32297322
v  -1.7092668 4.2845335 -1.0830489
v  -2.1562483 4.2845335 -1.1123457
v  -2.3035038 4.5124636 -0.48872909
v  -1.0121715 3.4441118 1.7479259
v  -0.24687168 2.8903427 1.3760033
v  -2.4266109 3.9196448 1.5941175
v  -1.7468544 3.4441118 1.9973168
v  -2.5803607 4.5124636 -0.12792265
v  -3.1446149 4.2845335 0.17571847
v  -3.0006292 4.2845335 0.59988827
v  -2.2183189 3.9196446 -1.5838108
v  -2.8181856 3.9196446 -1.380183
v  -2.5804186 4.2845335 -0.96836025
v  -2.9171996 4.2845335 -0.67301089
v  -0.89748186 2.8903427 1.9465734
v  -0.18480171 2.2960746 1.4236311
v  -0.24687168 1.7018068 1.3760035
v  -3.115319 4.2845335 -0.27126423
v  -3.4124529 3.9196446 0.83765453
v  -3.61608 3.9196446 0.23778833
v  -2.2659457 3.4441113 -1.945578
v  -3.0006301 3.4441113 -1.6961863
v  -3.2944653 3.9196446 -0.96249741
v  -3.5746479 3.9196446 -0.39434081
v  -2.9947665 3.9196448 1.313935
v  -3.7284548 3.4441118 1.0200998
v  -3.9778478 3.4441113 0.28541547
v  -3.9271035 3.4441113 -0.48878145
v  -2.2958858 2.8903422 -2.1729934
v  -3.115319 2.8903422 -1.8948337
v  -3.5839491 3.4441113 -1.1846268
v  -3.2168968 3.4441118 1.6034203
v  -3.9271033 2.8903427 1.1347886
v  -4.2052641 2.8903427 0.31535566
v  -4.1486673 2.8903422 -0.54814881
v  -1.4323815 2.8903422 -2.1163964
v  -2.3060975 2.2960744 -2.2505612
v  -3.1544371 2.2960744 -1.9625893
v  -3.765928 2.8903422 -1.3242638
v  -2.5210509 3.4441118 1.9465728
v  -3.3565335 2.8903427 1.7853987
v  -4.2828302 2.2960746 0.32556781
v  -4.224237 2.2960746 -0.568398
v  -1.4121327 2.2960744 -2.1919682
v  -1.4323815 1.7018067 -2.1163964
v  -2.2958858 1.7018067 -2.1729934
v  -3.8279974 2.2960746 -1.3718919
v  -2.5804186 2.8903427 2.1681361
v  -1.7169141 2.8903427 2.2247331
v  -0.60863894 2.2960744 -1.7957282
v  -0.65626639 1.7018067 -1.733659
v  -1.4917492 1.1480376 -1.8948337
v  -2.2659457 1.1480376 -1.9455777
v  -3.115319 1.7018067 -1.8948337
v  -3.765928 1.7018067 -1.3242636
v  -1.7067026 2.2960746 2.3023009
v  -0.85836303 2.2960746 2.0143278
v  -0.79590321 1.1480376 -1.5516812
v  -1.5861893 0.6725049 -1.5423784
v  -3.0006301 1.1480376 -1.6961862
v  -2.2183189 0.6725049 -1.5838107
v  -4.1486673 1.7018067 -0.54814875
v  -3.5839491 1.1480376 -1.1846267
v  -4.2052641 1.7018067 0.31535575
v  -0.89748186 1.7018068 1.9465735
v  -0.08569625 1.7018067 -1.0830488
v  -2.8181856 0.6725049 -1.3801829
v  -3.9778478 1.1480377 0.28541562
v  -3.9271035 1.1480377 -0.48878133
v  -3.2944653 0.67250496 -0.96249723
v  -3.9271033 1.7018068 1.1347886
v  -3.9948587 2.2960746 1.1739069
v  -0.28434464 1.1480376 -0.96836001
v  -2.1562483 0.30761552 -1.1123455
v  -2.5804186 0.30761552 -0.96835995
v  -3.5746479 0.67250496 -0.39434063
v  -2.9171996 0.30761552 -0.67301065
v  -0.034952477 1.1480377 -0.23367599
v  -0.60034782 0.67250496 -0.78591484
v  -1.0180335 0.67250496 -1.2621953
v  -1.7092668 0.30761552 -1.0830487
v  -2.3035038 0.079685733 -0.48872882
v  -1.8526075 0.079685725 -0.54809028
v  -3.115319 0.30761555 -0.27126399
v  -2.5803607 0.079685748 -0.1279224
v  -3.4041622 2.2960746 1.8474685
v  -1.3075194 0.30761552 -0.88492942
v  -2.0064001 1.5419656e-09 0.025869887
v  -1.4918015 0.079685748 -0.27123371
v  -3.1446149 0.30761558 0.17571872
v  -2.5209987 0.079685777 0.32297352
v  -3.3565335 1.7018068 1.7853988
v  -2.5804186 1.7018068 2.1681361
v  -2.6006682 2.2960746 2.2437074
v  -1.0121708 0.30761552 -0.54814887
v  -3.0006292 0.30761561 0.5998885
v  -3.61608 0.67250502 0.23778853
v  -3.2168968 1.1480378 1.6034204
v  -3.7284548 1.1480378 1.0200999
v  -2.5210509 1.1480378 1.9465729
v  -1.7169141 1.7018068 2.2247334
v  -0.39672032 0.67250496 -0.18604849
v  -3.4124529 0.67250502 0.83765477
v  -2.4266109 0.67250514 1.5941176
v  -2.9947665 0.67250502 1.3139352
v  -1.7468544 1.1480378 1.997317
v  -0.86818451 0.30761558 -0.12397896
v  -0.43815222 0.67250502 0.44608074
v  -0.085696384 1.1480378 0.54052097
v  -2.7052805 0.30761564 0.93666935
v  -2.3035343 0.30761564 1.1347888
v  -1.7944819 0.67250514 1.6355505
v  -1.0121715 1.1480378 1.747926
v  -0.71833611 0.67250502 1.0142366
v  -0.42884994 1.1480378 1.2363667
v  -2.1601918 0.079685792 0.59983021
v  -1.8565518 0.30761564 1.1640855
v  -1.1946152 0.67250514 1.4319227
v  -1.4324396 0.07968577 0.17966209
v  -1.4323815 0.30761564 1.0200993
v  -1.0956007 0.30761561 0.72475058
v  -1.7092965 0.079685792 0.54046857
v  -0.89748126 0.30761558 0.3230038
v  -1.3075194 4.2845335 -0.88492966
v  -1.0180335 3.9196446 -1.2621955
v  -1.5861893 3.9196446 -1.5423787
v  -1.0121708 4.2845335 -0.54814911
v  -0.60034782 3.9196446 -0.78591502
v  -0.28434464 3.4441113 -0.96836019
v  -0.79590321 3.4441113 -1.5516814
v  -1.4917492 3.4441113 -1.8948338
v  -0.08569625 2.8903422 -1.0830489
v  -0.65626639 2.8903422 -1.733659
v  1.474508 6.6049166 -2.0888002
v  0.57284153 6.7894988 -2.4553761
v  1.1077876 6.5690765 -2.7236476
v  0.8074407 6.7630725 -1.8362273
v  0.29230121 6.6747646 -3.0560274
v  0.6757133 6.47087 -3.1588087
v  0.2187776 6.817338 -1.6190979
v  0.048247986 6.3078203 -3.5887022
v  -0.13673821 6.7955179 -2.4633422
v  -0.35209331 6.7122002 -2.9465275
v  -0.43316278 6.673286 -1.3924062
v  -0.77229702 6.649302 -2.2783785
v  -0.63715976 6.0853143 -3.7642059
v  -0.99917203 6.5417199 -2.8249714
v  -1.2902037 5.8538017 -3.6911788
v  -1.4094459 6.3901095 -2.0122514
v  -1.0771365 6.3921256 -1.1778568
v  -1.8877723 5.626689 -3.3734231
v  -1.7019382 6.2379727 -2.7027466
v  -1.9797664 6.0544939 -1.7364063
v  -1.685864 6.0793419 -0.97822332
v  -2.3870478 5.4484682 -2.9147615
v  -2.2101135 5.9111285 -2.3417852
v  -2.4530921 5.6762877 -1.4291526
v  -2.2386692 5.726615 -0.80156368
v  -2.7626102 5.3167109 -2.3017497
v  -2.6368465 5.5649056 -1.9289466
v  -2.8332264 5.395617 -1.1233506
v  -2.6520386 5.446135 -0.67059273
v  -3.0071342 5.2537184 -1.5570761
v  -3.1641865 5.2503591 -0.93303037
v  -3.0095158 5.2849841 -0.55183613
v  -3.2787063 5.2680387 -0.45536318
v  1.1011599 6.691165 -2.6985054
v  1.4623824 6.7236905 -2.0763874
v  0.65846181 6.6046267 -3.1673985
v  0.77942771 6.8546939 -2.8827808
v  0.95894641 7.0087047 -2.5015626
v  1.1916472 7.0300751 -1.9575326
v  0.025262754 6.44031 -3.5769799
v  0.11548503 6.8437176 -3.2668896
v  0.25683725 7.1533241 -2.8339064
v  0.44397908 7.3099289 -2.269258
v  0.67947 7.1507559 -1.763657
v  -0.65792429 6.2195325 -3.7437961
v  -0.63106787 6.8127575 -3.422797
v  -0.4989782 7.2256532 -2.846132
v  -0.27095774 7.3816576 -2.1816602
v  0.040791169 7.1682529 -1.5308723
v  -1.3148772 5.9820428 -3.6750803
v  -1.3064818 6.6217065 -3.321996
v  -1.1979456 7.0983853 -2.7237649
v  -0.94105899 7.2843003 -1.9877092
v  -0.62778473 7.0801296 -1.2943733
v  -1.9115257 5.7575722 -3.359194
v  -1.9178994 6.37851 -3.0451758
v  -1.818508 6.8190207 -2.4740255
v  -1.5805628 7.034636 -1.7653427
v  -1.2360638 6.8019261 -1.0925677
v  -2.4179437 5.5770135 -2.8978598
v  -2.4300616 6.0728946 -2.6253951
v  -2.3248773 6.4390988 -2.1462102
v  -2.1077456 6.6101575 -1.505352
v  -1.8084687 6.440865 -0.90936416
v  -2.7866225 5.4475517 -2.2941952
v  -2.7492101 5.684432 -2.0726273
v  -2.6827064 5.9684439 -1.7595446
v  -2.5133665 6.1511989 -1.2587761
v  -2.274286 6.0238547 -0.76858813
v  -3.0340781 5.3770442 -1.5581342
v  -2.9627502 5.5511971 -1.3162905
v  -2.8599002 5.6763234 -0.98053265
v  -2.7086725 5.5866261 -0.64057386
v  -3.1914136 5.3621478 -0.95278156
v  -3.1196635 5.3798838 -0.7516216
v  -3.0388803 5.4106388 -0.53270757
v  -3.2994792 5.3639164 -0.44135958
v  1.5964292 6.4781375 -1.3761564
v  1.0235572 6.7056127 -1.2124712
v  1.1864773 6.5083504 -0.59022343
v  1.5379585 6.3103986 -0.78105688
v  0.48359311 6.6800709 -0.75270003
v  1.3231747 6.0705457 -0.072929971
v  0.62297076 6.5307279 -0.25766534
v  -0.1292119 6.5296178 -0.50499028
v  0.89889824 5.7994423 0.47166684
v  0.3404412 5.5503263 0.80553025
v  0.040746756 6.3481822 0.04273634
v  -0.79992199 6.2766724 -0.33141151
v  -0.33142877 5.3370404 0.91839021
v  -0.59044075 6.0311131 0.36234641
v  -1.4287707 5.9519482 -0.21696644
v  -1.0156094 5.1932316 0.86715257
v  -1.2254927 5.7278829 0.37343189
v  -2.004966 5.5928888 -0.19338831
v  -1.7012531 5.1191826 0.62507665
v  -1.8319093 5.4151001 0.29076982
v  -2.5044148 5.3344216 -0.21661238
v  -2.3672848 5.1346359 0.2073905
v  -2.8865161 5.1986837 -0.1673183
v  1.5805449 6.6019526 -1.3765399
v  1.535948 6.4413195 -0.74761927
v  1.3592074 6.934217 -1.3977926
v  1.4579829 6.7284021 -1.011579
v  1.3037356 6.2023749 -0.051429417
v  1.1924894 6.6432757 -0.29691467
v  0.82813102 7.2384305 -1.2099105
v  1.0380394 7.0079393 -0.67964268
v  0.87569332 5.934114 0.48534864
v  0.71696466 6.5618758 0.29457304
v  0.22587326 7.2891917 -0.81158596
v  0.46811995 7.045671 -0.17923675
v  0.31672749 5.6783886 0.82427567
v  0.12532879 6.3552318 0.62640309
v  -0.15263636 6.9038439 0.15880778
v  -0.41710994 7.1867924 -0.54285371
v  -0.3531276 5.4675417 0.93828404
v  -0.53174335 6.1205339 0.77732319
v  -0.80100638 6.629653 0.33186349
v  -1.061282 6.9379921 -0.33336094
v  -1.0446051 5.3214245 0.88929486
v  -1.2064946 5.8451791 0.7487452
v  -1.4157959 6.2699113 0.3606962
v  -1.6506878 6.5250936 -0.24495596
v  -1.7188916 5.2488379 0.6502071
v  -1.8213848 5.5117564 0.48596972
v  -1.9579124 5.8335533 0.23916478
v  -2.1395941 6.0816374 -0.22805083
v  -2.3820021 5.2556863 0.24004854
v  -2.4740765 5.4602494 0.031287633
v  -2.6039944 5.6286964 -0.27484161
v  -2.8900139 5.306056 -0.12163468
v  -2.9625313 5.3506408 -0.31831068
v  1.5437909 4.0935445 -2.1919565
v  1.3464026 3.8910904 -2.1454411
v  1.2892889 4.2244253 -1.8260677
v  1.5085093 4.2994585 -1.9946674
v  1.7703083 3.9698558 -2.3182874
v  1.7130908 3.6908624 -2.349946
v  1.3299397 3.5639634 -2.1473281
v  1.1346211 3.8114514 -1.9022707
v  1.1383712 4.0967898 -1.6289238
v  1.3379264 4.3485966 -1.3988762
v  1.5752063 4.495605 -1.5789102
v  1.6851319 4.4669762 -1.8419882
v  2.1745529 3.7410328 -2.3197861
v  2.0553713 4.0008473 -2.2996562
v  1.6759031 3.4231629 -2.2961817
v  2.077863 3.4284432 -2.3047833
v  1.2859658 3.3888607 -2.0348859
v  1.0730129 3.6586926 -1.7677046
v  1.077279 3.9702606 -1.469238
v  1.2950276 4.2452712 -1.2179826
v  1.6842344 4.5000339 -1.2700738
v  1.9701945 4.4979687 -1.8233577
v  2.0366676 4.5457754 -1.5487509
v  2.4604707 4.0122118 -2.0726287
v  2.2319939 4.1683655 -2.1469769
v  1.1043833 3.6085417 -1.7046078
v  1.1085498 3.909143 -1.4166521
v  1.6726018 4.4103808 -1.077552
v  1.3185897 4.1744885 -1.1742214
v  2.0861261 4.506999 -1.280447
v  2.4033563 4.3455477 -1.7532552
v  2.1967125 4.37428 -1.9496884
v  2.4321575 4.3645144 -1.4275293
v  1.3097476 3.3483276 -1.9622654
v  1.9030843 3.4138625 -1.2090516
v  2.1103599 4.4180503 -1.0887738
v  1.6827071 4.3337107 -1.0387967
v  2.4872153 4.2627759 -1.2490469
v  2.6275597 4.1149201 -1.6703738
v  2.7002599 3.9906487 -1.5138164
v  1.6729126 3.2003932 -2.1186485
v  1.6627474 3.2354245 -2.1970899
v  2.1046767 4.3411403 -1.0495783
v  2.4679122 4.1914349 -1.2041004
v  2.6733649 3.9290082 -1.4594331
v  2.623888 3.8276198 -1.9416595
v  2.6960797 3.6769404 -1.8100331
v  2.4242547 3.5777748 -2.1737683
v  2.669282 3.6263437 -1.7452217
v  2.0949528 3.2060509 -2.1275687
v  2.1005788 3.2412565 -2.2063806
v  2.4782445 3.4040699 -2.0635386
v  2.4591596 3.3630607 -1.9898198
v  1.1880199 5.842041 -1.9279705
v  1.3114167 5.730721 -1.9483117
v  1.1407216 6.0357308 -1.8119993
v  1.1680304 5.6633339 -2.22
v  1.3092163 5.3706121 -2.255614
v  1.4762524 5.3899217 -2.023458
v  1.5699565 5.8397169 -1.8874179
v  1.3544976 6.1781034 -1.7643811
v  1.0327436 6.2416143 -1.6974248
v  1.093657 5.9497242 -2.4222443
v  1.3441613 5.4210677 -2.5334313
v  1.4662758 5.0043607 -2.5297256
v  1.4276996 5.0258007 -2.2547715
v  1.594174 5.062727 -2.0239515
v  1.7473865 5.4678268 -1.9729229
v  1.7637212 5.9893813 -2.034241
v  1.523618 6.3678622 -1.8754478
v  0.94673902 6.6357188 -1.5547122
v  0.73221922 6.3023138 -1.7011266
v  1.5610011 5.5102878 -2.6942906
v  1.5332513 4.6411204 -2.4649067
v  1.4824419 4.724669 -2.1795702
v  1.6556622 4.7873068 -1.9545903
v  1.8740628 5.1054764 -1.9726881
v  1.9643514 5.5564671 -2.1339829
v  1.7803441 6.088728 -2.3018517
v  1.5194976 6.5034227 -2.1271026
v  0.76223463 6.8439288 -1.5245456
v  1.0634561 6.8480339 -1.5484449
v  0.61370414 6.9073944 -1.7354579
v  0.57605654 6.3681545 -1.9216424
v  1.5466534 4.3492084 -2.3444562
v  1.5139338 4.4869375 -2.1043549
v  1.9425806 4.8213778 -1.9293538
v  2.1048853 5.1221166 -2.1333299
v  1.9998785 5.6046858 -2.4120686
v  1.0512619 7.0130939 -1.7810415
v  0.65784138 6.9312668 -1.9955684
v  0.63851714 6.6458039 -2.1009102
v  0.62129277 6.3913674 -2.1948042
v  2.1737862 4.7771797 -2.0752864
v  1.6816715 4.595437 -1.9082391
v  1.9666191 4.615149 -1.8682469
v  2.1521986 5.1011615 -2.4104416
v  0.89593285 7.0125456 -2.0223908
v  0.85516399 6.6284847 -2.2497404
v  0.84156078 6.3583956 -2.3606606
v  2.2249715 4.6880231 -2.3327301
v  2.2025626 4.5287704 -2.0075626
v  1.9878058 5.0577121 -2.6401539
v  1.8327667 5.5857296 -2.644105
v  1.3478482 6.4993715 -2.3573375
v  0.99817413 6.2819614 -2.3486948
v  1.3528792 5.9662499 -2.5939097
v  1.6103253 6.0789709 -2.533154
v  1.1091076 6.3583426 -2.4314747
v  1.7777067 4.2642632 -2.4832218
v  1.7003753 5.0192904 -2.6869915
v  2.2425771 4.3859568 -2.2441566
v  1.7654499 4.591495 -2.6040151
v  2.0516524 4.6096377 -2.5507278
v  2.0597043 4.2739925 -2.4414566
v  -0.6359846 3.8947206 -1.9231801
v  -0.87693673 3.7591479 -1.9985178
v  -0.99380356 4.1301188 -1.743377
v  -0.70817876 4.1238828 -1.7655694
v  -0.42364728 3.701288 -1.915109
v  -0.53320283 3.4460173 -1.9854518
v  -0.98313403 3.4503653 -2.0242591
v  -1.1968448 3.7675807 -1.9095631
v  -1.2545902 4.0710611 -1.6631572
v  -1.1421181 4.2851381 -1.3506329
v  -0.81534684 4.3416185 -1.3694865
v  -0.59793818 4.2545357 -1.5346025
v  -0.16395839 3.3741546 -1.7118317
v  -0.19555074 3.6568954 -1.746083
v  -0.66802955 3.2060428 -1.9724088
v  -0.33922562 3.1026697 -1.7653458
v  -1.127449 3.3075542 -1.9608905
v  -1.3604562 3.6534078 -1.8358403
v  -1.4233665 3.9847383 -1.5666989
v  -1.3006924 4.2185965 -1.2254716
v  -0.88776404 4.352303 -1.0502247
v  -0.36984164 4.2101426 -1.3655772
v  -0.44610187 4.2697558 -1.0958661
v  0.014498946 3.5856552 -1.3379411
v  -0.085310876 3.7875471 -1.515116
v  -1.382611 3.6043139 -1.7681693
v  -1.4432664 3.9239678 -1.5084784
v  -1.0233729 4.2918234 -0.89794141
v  -1.3249502 4.1496229 -1.1792691
v  -0.55760503 4.2503562 -0.8446148
v  -0.10236865 3.9566252 -1.0827994
v  -0.15750419 4.0167093 -1.3575054
v  -0.24385563 4.0046058 -0.79131043
v  -1.1579087 3.2707875 -1.8887612
v  -1.0558581 3.2616932 -0.93315834
v  -0.66376668 4.1808672 -0.67391443
v  -1.0575153 4.2202382 -0.86341363
v  -0.32205006 3.9131236 -0.61594117
v  -0.031836949 3.6856091 -0.9041909
v  -0.090888537 3.5653276 -0.73901206
v  -0.8271094 3.0141737 -1.8344469
v  -0.78425562 3.0413668 -1.9045027
v  -0.71088535 4.1133223 -0.64743471
v  -0.38150963 3.8552091 -0.59159303
v  -0.15858567 3.5198102 -0.71027702
v  0.024332087 3.3804691 -1.1489058
v  -0.029696966 3.2321851 -1.0063075
v  -0.08656317 3.168052 -1.4631213
v  -0.099588528 3.19841 -0.96818918
v  -0.4819037 2.9057579 -1.6169406
v  -0.42612597 2.928854 -1.6788902
v  -0.15065135 3.000139 -1.3493809
v  -0.21624625 2.9745011 -1.2991771
v  0.96115279 5.8743072 -1.7586265
v  0.68605554 5.9461851 -1.7996587
v  0.5992946 5.6147914 -1.8211343
v  0.87109572 5.5024552 -1.7926388
v  1.0831776 5.4200821 -1.9712809
v  0.52386934 6.0150552 -2.0266809
v  0.43245822 5.6780715 -2.0530901
v  0.29943517 5.3607097 -2.0301464
v  0.47917882 5.2758589 -1.8165288
v  0.73691773 5.1264005 -1.7973082
v  1.1013296 5.4206986 -2.2632205
v  0.91800988 5.0198913 -1.9937944
v  0.56872487 6.0414081 -2.2962036
v  0.46558303 5.6639695 -2.3457377
v  0.29756483 5.3258324 -2.3136983
v  0.080337316 4.9562459 -2.2513511
v  0.10919509 5.0129819 -1.9607631
v  0.29378173 4.9319258 -1.7551165
v  0.53249902 4.7706289 -1.7444655
v  0.68580276 4.6224284 -1.93527
v  0.91994101 5.0067863 -2.2797716
v  0.79540503 6.0099006 -2.4663544
v  0.67748672 5.5848737 -2.5194623
v  0.49355081 5.2102604 -2.4964349
v  0.24449834 4.8052254 -2.4271085
v  0.062505506 4.6285834 -1.6532724
v  0.28366384 4.4456015 -1.6358023
v  0.40598732 4.2579422 -1.81384
v  0.66429985 4.5723138 -2.2164888
v  0.93658036 5.4900093 -2.4840212
v  0.74543172 5.0854759 -2.479353
v  0.48085663 4.6493559 -2.422086
v  0.16784672 4.2446232 -2.2865582
v  -0.052478187 4.4262514 -2.3009477
v  0.35796738 4.1747069 -2.0836864
v  0.0055000442 3.8263571 -1.8683758
v  -0.19155411 3.8903108 -2.0666165
v  -0.3934629 4.0921254 -2.0925665
v  -0.17504632 4.6153078 -2.1218805
v  0.082045257 3.9375744 -1.6157864
v  -0.48254448 4.3147421 -1.9328327
v  -0.12800139 4.700635 -1.854651
v  -0.0068443986 4.1588078 -1.4574194
v  -0.40661243 4.4271688 -1.6820973
v  -0.20925948 4.3613906 -1.4853421
v  -1.8053899 3.6882358 1.8417984
v  -1.8094462 3.5728328 1.8741997
v  -1.9201341 3.6673956 1.8492446
v  -2.0062022 3.6044991 1.8851795
v  -2.0337491 3.5311775 1.9340677
v  -1.8491604 3.3294795 2.0216062
v  -2.0590529 3.3577058 2.0295823
v  -1.8740481 3.1018164 2.114037
v  -2.0861604 3.1170521 2.1327832
v  -1.89572 2.8589704 2.1944952
v  -2.1079457 2.8617713 2.2151895
v  -1.9159385 2.5369339 2.2693319
v  -2.119699 2.6272073 2.256223
v  -2.0379825 2.4401948 2.298579
v  -2.1068625 2.5342062 2.2723882
v  -1.9255823 2.4068577 2.3204589
v  -1.6915709 3.6553085 1.8588593
v  -1.6187207 3.5863161 1.9020327
v  -1.6128699 3.513555 1.9585998
v  -1.6364377 3.3413756 2.0642395
v  -1.6642562 3.0998552 2.1749039
v  -1.6817189 2.8427742 2.2450638
v  -1.6891382 2.6071341 2.2827938
v  -1.7119755 2.5135295 2.2930028
v  -1.7998201 2.428128 2.310199
v  -1.9577712 3.6077485 1.9993324
v  -1.9180743 3.6821954 1.916903
v  -1.9879227 3.3860674 2.1292529
v  -1.8530827 3.3864174 2.156126
v  -1.8222172 3.6294947 2.0083275
v  -1.8124003 3.6982944 1.9235631
v  -2.0119724 3.1457462 2.2239907
v  -1.8761162 3.146795 2.2524142
v  -1.7412741 3.1298196 2.2352698
v  -1.7183576 3.3695135 2.136163
v  -1.6912053 3.5913887 2.0046225
v  -1.7100226 3.6694195 1.9214848
v  -2.0338891 2.890476 2.3075433
v  -1.7606663 2.8750954 2.3160195
v  -1.8972552 2.891737 2.3356388
v  -2.0498583 2.6209478 2.3670256
v  -1.9131836 2.6113429 2.3922081
v  -1.7735832 2.6040995 2.3659585
v  -2.035248 2.4808462 2.3794365
v  -1.814903 2.4674292 2.3773847
v  -1.9271777 2.4680576 2.3993948
v  -2.9624341 3.6673956 1.5699608
v  -3.07077 3.5728328 1.536229
v  -3.0580816 3.6882358 1.5061408
v  -2.9058645 3.6044991 1.6441157
v  -2.9064517 3.5311775 1.7002277
v  -3.1100795 3.3294795 1.6837436
v  -2.9322946 3.3577058 1.7955977
v  -2.9604204 3.1170521 1.8985261
v  -3.134742 3.1018164 1.7762352
v  -3.1562021 2.8589704 1.85675
v  -2.9827573 2.8617713 1.9807838
v  -3.176111 2.5369339 1.9316698
v  -2.9930944 2.6272073 2.022197
v  -3.0122943 2.5342062 2.0297782
v  -3.085042 2.4401948 2.0180204
v  -3.1933229 2.4068577 1.980768
v  -3.1651833 3.6553085 1.4640064
v  -3.2832096 3.513555 1.5110334
v  -3.2498598 3.5863161 1.46497
v  -3.3468609 3.0998552 1.7240511
v  -3.3156197 3.3413756 1.6143043
v  -3.366817 2.8427742 1.7935431
v  -3.3792577 2.6071341 1.8299277
v  -3.364584 2.5135295 1.8501883
v  -3.297106 2.428128 1.909003
v  -3.0048833 3.6077485 1.7187593
v  -2.9980474 3.6821954 1.6275253
v  -3.1267745 3.6294947 1.6587732
v  -3.1739423 3.3864174 1.8022023
v  -3.0437312 3.3860674 1.8463498
v  -3.0928934 3.6982944 1.5804563
v  -3.1805158 3.6694195 1.5274675
v  -3.2383814 3.5913887 1.5900578
v  -3.0702727 3.1457462 1.9404194
v  -3.280637 3.3695135 1.7175514
v  -3.2021399 3.146795 1.897107
v  -3.0930684 2.890476 2.0237372
v  -3.3103437 3.1298196 1.8148386
v  -3.3339245 2.8750954 1.8944664
v  -3.2254443 2.891737 1.979751
v  -3.1089804 2.6209478 2.083235
v  -3.347708 2.6040995 1.9441737
v  -3.2399349 2.6113429 2.0367055
v  -3.1278381 2.4808462 2.0866776
v  -3.3176367 2.4674292 1.9747283
v  -3.2314088 2.4680576 2.0499268
v  1.9201341 3.6673956 1.8492446
v  1.8094462 3.5728328 1.8741997
v  1.8053899 3.6882358 1.8417984
v  2.0062022 3.6044991 1.8851795
v  2.0337491 3.5311775 1.9340677
v  1.8491604 3.3294795 2.0216062
v  2.0590529 3.3577058 2.0295823
v  2.0861604 3.1170521 2.1327832
v  1.8740481 3.1018164 2.114037
v  1.89572 2.8589704 2.1944952
v  2.1079457 2.8617713 2.2151895
v  1.9159385 2.5369339 2.2693319
v  2.119699 2.6272073 2.256223
v  2.1068625 2.5342062 2.2723882
v  2.0379825 2.4401948 2.298579
v  1.9255823 2.4068577 2.3204589
v  1.6915709 3.6553085 1.8588593
v  1.6128699 3.513555 1.9585998
v  1.6187207 3.5863161 1.9020327
v  1.6642562 3.0998552 2.1749039
v  1.6364377 3.3413756 2.0642395
v  1.6817189 2.8427742 2.2450638
v  1.6891382 2.6071341 2.2827938
v  1.7119755 2.5135295 2.2930028
v  1.7998201 2.428128 2.310199
v  1.9577712 3.6077485 1.9993324
v  1.9180743 3.6821954 1.916903
v  1.8222172 3.6294947 2.0083275
v  1.8530827 3.3864174 2.156126
v  1.9879227 3.3860674 2.1292529
v  1.8124003 3.6982944 1.9235631
v  1.7100226 3.6694195 1.9214848
v  1.6912053 3.5913887 2.0046225
v  2.0119724 3.1457462 2.2239907
v  1.7183576 3.3695135 2.136163
v  1.8761162 3.146795 2.2524142
v  2.0338891 2.890476 2.3075433
v  1.7412741 3.1298196 2.2352698
v  1.7606663 2.8750954 2.3160195
v  1.8972552 2.891737 2.3356388
v  2.0498583 2.6209478 2.3670256
v  1.7735832 2.6040995 2.3659585
v  1.9131836 2.6113429 2.3922081
v  2.035248 2.4808462 2.3794365
v  1.814903 2.4674292 2.3773847
v  1.9271777 2.4680576 2.3993948
v  3.0580816 3.6882358 1.5061408
v  3.07077 3.5728328 1.536229
v  2.9624341 3.6673956 1.5699608
v  3.1100795 3.3294795 1.6837436
v  2.9064517 3.5311775 1.7002277
v  2.9058645 3.6044991 1.6441157
v  3.134742 3.1018164 1.7762352
v  2.9604204 3.1170521 1.8985261
v  2.9322946 3.3577058 1.7955977
v  3.1562021 2.8589704 1.85675
v  2.9827573 2.8617713 1.9807838
v  3.176111 2.5369339 1.9316698
v  2.9930944 2.6272073 2.022197
v  3.085042 2.4401948 2.0180204
v  3.0122943 2.5342062 2.0297782
v  3.1933229 2.4068577 1.980768
v  3.1651833 3.6553085 1.4640064
v  3.2498598 3.5863161 1.46497
v  3.2832096 3.513555 1.5110334
v  3.3156197 3.3413756 1.6143043
v  3.3468609 3.0998552 1.7240511
v  3.366817 2.8427742 1.7935431
v  3.3792577 2.6071341 1.8299277
v  3.364584 2.5135295 1.8501883
v  3.297106 2.428128 1.909003
v  3.1278381 2.4808462 2.0866776
v  3.1089804 2.6209478 2.083235
v  3.2314088 2.4680576 2.0499268
v  3.2399349 2.6113429 2.0367055
v  3.2254443 2.891737 1.979751
v  3.0930684 2.890476 2.0237372
v  3.3176367 2.4674292 1.9747283
v  3.347708 2.6040995 1.9441737
v  3.3339245 2.8750954 1.8944664
v  3.2021399 3.146795 1.897107
v  3.0702727 3.1457462 1.9404194
v  3.3103437 3.1298196 1.8148386
v  3.1739423 3.3864174 1.8022023
v  3.0437312 3.3860674 1.8463498
v  3.280637 3.3695135 1.7175514
v  3.2383814 3.5913887 1.5900578
v  3.1267745 3.6294947 1.6587732
v  3.0048833 3.6077485 1.7187593
v  3.1805158 3.6694195 1.5274675
v  3.0928934 3.6982944 1.5804563
v  2.9980474 3.6821954 1.6275253

# 431 UV coordinates
vt 1.25 0.35000002 0
vt 0.69999999 0.39999998 0
vt 0.72844201 0.24294698 0
vt 0.82081902 0.182908 0
vt 0.88620299 0.31698704 0
vt 0.63028902 0.12778598 0
vt 0.76369399 0.048442006 0
vt 0.92524397 0.15518302 0
vt 1.0025851 0.30395103 0
vt 0.54158801 0.006904006 0
vt 0.91041499 0.013155997 0
vt 0.71102899 -0.090010047 0
vt 1.0326231 0.15986699 0
vt 1.134129 0.196567 0
vt 1.103171 0.36041796 0
vt 1.059767 0.019707978 0
vt 0.89792401 -0.12870395 0
vt 0.673944 -0.23578298 0
vt 1.202798 0.067808986 0
vt 1.328808 0.15845001 0
vt 1.220504 0.26446998 0
vt 1.084532 -0.12049401 0
vt 1.267213 -0.065448046 0
vt 0.88819301 -0.27518606 0
vt 1.427209 0.045261025 0
vt 1.107052 -0.26537597 0
vt 1.317144 -0.207479 0
vt 0.64999998 0.39999998 0
vt 1.288342 0.28123796 0
vt 1.178373 0.24035203 0
vt 1.368047 0.14550298 0
vt 1.063069 0.223584 0
vt 1.0605789 0.074640989 0
vt 1.216501 0.090619981 0
vt 1.11957 0.38777399 0
vt 1.4357539 0.0029010177 0
vt 0.94978303 0.240821 0
vt 0.90574598 0.096928 0
vt 1.000002 0.38632703 0
vt 0.86975503 -0.046792984 0
vt 1.057402 -0.071532011 0
vt 1.247468 -0.056987047 0
vt 1.4906991 -0.14365399 0
vt 0.75641298 0.15863198 0
vt 0.84610301 0.29165196 0
vt 0.68299198 0.015484989 0
vt 0.839836 -0.19171202 0
vt 1.0529751 -0.21843195 0
vt 1.273378 -0.20830202 0
vt 0.63226497 -0.13077402 0
vt 0.81009901 -0.34105897 0
vt 1.0450341 -0.37032294 0
vt 1.279672 -0.36463201 0
vt 1 0.51297498 0
vt 0.96848899 0.54861701 0
vt 0.96320301 0.51895201 0
vt 1 0.54645503 0
vt 0.93680102 0.553204 0
vt 0.93483698 0.53230703 0
vt 1 0.57670498 0
vt 0.903615 0.55791003 0
vt 0.95836502 0.58057898 0
vt 0.93389201 0.58414602 0
vt 1 0.61189198 0
vt 0.95711303 0.61298299 0
vt 0.88394201 0.59062803 0
vt 0.92961001 0.61595798 0
vt 0.87672198 0.62548101 0
vt 0.95887899 0.64824998 0
vt 1 0.64779699 0
vt 0.88191098 0.66156399 0
vt 0.923931 0.65217799 0
vt 0.96195298 0.68227202 0
vt 1 0.68212402 0
vt 0.89654702 0.69403201 0
vt 0.93102902 0.68495101 0
vt 0.96810102 0.71410298 0
vt 1 0.713866 0
vt 0.92055398 0.72183502 0
vt 0.94218099 0.71613598 0
vt 0.97626102 0.73985702 0
vt 1 0.73773903 0
vt 0.95288301 0.74340802 0
vt 0.980223 0.75886899 0
vt 1 0.75771201 0
vt 1 0.77188897 0
vt 0.96717203 0.98667002 0
vt 0.94184297 0.863397 0
vt 0.92014903 0.87465602 0
vt 0.93750203 0.98667002 0
vt 0.89131099 0.757532 0
vt 0.869609 0.76965201 0
vt 0.86399502 0.83308798 0
vt 0.85838097 0.89652401 0
vt 0.86352801 0.98667002 0
vt 0.79393297 0.65071702 0
vt 0.77823198 0.66959798 0
vt 0.77133203 0.73625398 0
vt 0.76443201 0.80290997 0
vt 0.76055998 0.914554 0
vt 0.77285498 0.98667002 0
vt 0.67394203 0.58633602 0
vt 0.66649401 0.61004502 0
vt 0.66092199 0.68623698 0
vt 0.65535003 0.762429 0
vt 0.65774202 0.87963098 0
vt 0.66763401 0.98667002 0
vt 0.54479003 0.56401497 0
vt 0.54543799 0.58755201 0
vt 0.54804701 0.66716599 0
vt 0.55065602 0.74677998 0
vt 0.55847901 0.869555 0
vt 0.55980301 0.98667002 0
vt 0.40972099 0.57815897 0
vt 0.41869 0.60055298 0
vt 0.431283 0.67381001 0
vt 0.44387501 0.74706799 0
vt 0.456496 0.87110603 0
vt 0.454411 0.98667002 0
vt 0.28710699 0.62573302 0
vt 0.30113801 0.64508098 0
vt 0.31793699 0.70640302 0
vt 0.33473599 0.76772499 0
vt 0.35109201 0.88090003 0
vt 0.34636399 0.98667002 0
vt 0.174456 0.705432 0
vt 0.195657 0.71970999 0
vt 0.210573 0.76327699 0
vt 0.22548901 0.806844 0
vt 0.24941701 0.90212297 0
vt 0.24377801 0.98667002 0
vt 0.084946997 0.81681198 0
vt 0.107818 0.82696801 0
vt 0.124654 0.862993 0
vt 0.144251 0.93584698 0
vt 0.140328 0.98667002 0
vt 0.038426999 0.91927201 0
vt 0.057943001 0.92459297 0
vt 0.069463 0.962349 0
vt 0.075115003 0.98667002 0
vt 0.022507999 0.98667002 0
vt 0.035096001 0.98667002 0
vt 1.037349 0.52013499 0
vt 1.031665 0.54946601 0
vt 1.063398 0.55455399 0
vt 1.06555 0.53404897 0
vt 1.041518 0.58162701 0
vt 1.0963989 0.559578 0
vt 1.065955 0.58535802 0
vt 1.042411 0.61385697 0
vt 1.115396 0.59214801 0
vt 1.121938 0.626638 0
vt 1.069869 0.61693603 0
vt 1.0401911 0.64872199 0
vt 1.116349 0.66225499 0
vt 1.075117 0.652937 0
vt 1.03708 0.68247598 0
vt 1.101743 0.69447899 0
vt 1.067688 0.68548799 0
vt 1.031101 0.71432 0
vt 1.078068 0.72206098 0
vt 1.056826 0.71636403 0
vt 1.023388 0.74004102 0
vt 1.04637 0.74365902 0
vt 1.0192961 0.75902998 0
vt 0.40744001 0.042146027 0
vt 0.40264499 0.15351301 0
vt 0.400222 0.15351301 0
vt 0.40594301 0.042146027 0
vt 0.41319099 0.042146027 0
vt 0.411953 0.15351301 0
vt 0.40226501 0.27691901 0
vt 0.39684501 0.27691901 0
vt 0.39600801 0.27691901 0
vt 0.39991799 0.27691901 0
vt 0.40610299 0.15351301 0
vt 0.40957701 0.042146027 0
vt 0.422694 0.15351301 0
vt 0.419826 0.042146981 0
vt 0.41089699 0.27691901 0
vt 0.420371 0.27691901 0
vt 0.40085101 0.37624699 0
vt 0.39494199 0.37624699 0
vt 0.394032 0.37624699 0
vt 0.398298 0.37624699 0
vt 0.407619 0.27691901 0
vt 0.41621199 0.042146027 0
vt 0.41684401 0.15351301 0
vt 0.42857501 0.15351301 0
vt 0.42345899 0.042146027 0
vt 0.395466 0.37624699 0
vt 0.39458901 0.37624699 0
vt 0.40669399 0.37624699 0
vt 0.39870301 0.37624699 0
vt 0.417097 0.27691901 0
vt 0.42615199 0.15351301 0
vt 0.42196199 0.042146027 0
vt 0.425726 0.27691901 0
vt 0.401164 0.37624699 0
vt 0.41255501 0.46094096 0
vt 0.417018 0.37624699 0
vt 0.4068 0.37624699 0
vt 0.426415 0.37624699 0
vt 0.43113899 0.27691901 0
vt 0.43231699 0.37624699 0
vt 0.41022599 0.37624699 0
vt 0.41025299 0.37624699 0
vt 0.416751 0.37624699 0
vt 0.425809 0.37624699 0
vt 0.431501 0.37624699 0
vt 0.431972 0.27691901 0
vt 0.433222 0.37624699 0
vt 0.428067 0.27691901 0
vt 0.43237299 0.37624699 0
vt 0.42017299 0.37624699 0
vt 0.42057201 0.37624699 0
vt 0.42896199 0.37624699 0
vt 0.42826399 0.37624699 0
vt 0.35838899 0.278651 0
vt 0.36323199 0.269256 0
vt 0.356787 0.28949797 0
vt 0.35690901 0.28275901 0
vt 0.36242101 0.25581199 0
vt 0.36958799 0.24050903 0
vt 0.373622 0.27701902 0
vt 0.365372 0.301552 0
vt 0.352777 0.30143899 0
vt 0.353484 0.32788098 0
vt 0.36315101 0.28284502 0
vt 0.368 0.23988402 0
vt 0.36711901 0.22051698 0
vt 0.37426099 0.20714301 0
vt 0.380454 0.24591202 0
vt 0.38095701 0.30487901 0
vt 0.37181401 0.33067298 0
vt 0.349704 0.33081901 0
vt 0.340857 0.30663502 0
vt 0.37136701 0.30563301 0
vt 0.37080801 0.197456 0
vt 0.36946601 0.18366897 0
vt 0.37686101 0.17344898 0
vt 0.38547501 0.20888197 0
vt 0.38867399 0.26865602 0
vt 0.38098499 0.33610499 0
vt 0.37105799 0.36431801 0
vt 0.342462 0.34922004 0
vt 0.35434499 0.35290098 0
vt 0.33607799 0.371544 0
vt 0.33414799 0.32991701 0
vt 0.371622 0.110834 0
vt 0.370891 0.110834 0
vt 0.388293 0.176346 0
vt 0.39424601 0.22418702 0
vt 0.38942701 0.29548001 0
vt 0.35331401 0.38808501 0
vt 0.33721501 0.394481 0
vt 0.33620101 0.37297601 0
vt 0.33529699 0.35380799 0
vt 0.397113 0.18419397 0
vt 0.378001 0.110834 0
vt 0.38938999 0.110834 0
vt 0.395468 0.24381196 0
vt 0.346589 0.40610504 0
vt 0.34443799 0.38377202 0
vt 0.34363699 0.36432201 0
vt 0.398536 0.19522899 0
vt 0.398413 0.110834 0
vt 0.38963699 0.030928016 0
vt 0.37829399 0.030928016 0
vt 0.388412 0.256432 0
vt 0.38225701 0.31080997 0
vt 0.36371201 0.381033 0
vt 0.34987301 0.35618401 0
vt 0.39831799 0.030928016 0
vt 0.37093401 0.030928016 0
vt 0.36335501 0.344163 0
vt 0.37370199 0.352319 0
vt 0.35407501 0.37106901 0
vt 0.39925101 0.030928016 0
vt 0.37186801 0.030928016 0
vt 0.380454 0.110834 0
vt 0.37690899 0.25476301 0
vt 0.39944199 0.110834 0
vt 0.38054901 0.030928016 0
vt 0.37968299 0.20421398 0
vt 0.39115301 0.20327103 0
vt 0.391729 0.110834 0
vt 0.391891 0.030928016 0
vt 0.40704799 0.017458022 0
vt 0.41343501 0.18330699 0
vt 0.41101101 0.18330699 0
vt 0.40555099 0.017458022 0
vt 0.40252399 0.017458022 0
vt 0.406111 0.18330699 0
vt 0.41610801 0.21989 0
vt 0.41833699 0.22136497 0
vt 0.41486099 0.22295403 0
vt 0.406629 0.22385597 0
vt 0.40025899 0.18330699 0
vt 0.398909 0.017458022 0
vt 0.39332899 0.18330699 0
vt 0.39462799 0.017458022 0
vt 0.40864 0.21893597 0
vt 0.39795101 0.21907401 0
vt 0.41788 0.25315702 0
vt 0.42030901 0.25476503 0
vt 0.41650999 0.25650001 0
vt 0.40752399 0.25748503 0
vt 0.395706 0.224231 0
vt 0.391013 0.017458022 0
vt 0.38747701 0.18330699 0
vt 0.382577 0.18330699 0
vt 0.387986 0.017458022 0
vt 0.41948399 0.26828396 0
vt 0.41581699 0.26995802 0
vt 0.39561501 0.25789404 0
vt 0.40714899 0.27090901 0
vt 0.38501599 0.22396201 0
vt 0.380153 0.18330699 0
vt 0.386489 0.017458022 0
vt 0.37754801 0.22341502 0
vt 0.41714099 0.266734 0
vt 0.39695001 0.35457003 0
vt 0.38396999 0.25760198 0
vt 0.39566401 0.27130401 0
vt 0.37583801 0.25700599 0
vt 0.37531999 0.222449 0
vt 0.373409 0.255952 0
vt 0.40930301 0.26573199 0
vt 0.409747 0.25211704 0
vt 0.38443899 0.27102196 0
vt 0.37660101 0.27044702 0
vt 0.37425801 0.26943099 0
vt 0.37879601 0.22133303 0
vt 0.37720901 0.25473404 0
vt 0.38702801 0.21995801 0
vt 0.37792599 0.268255 0
vt 0.39807901 0.26587701 0
vt 0.398103 0.25226796 0
vt 0.38619399 0.253232 0
vt 0.386594 0.26680601 0
vt 0.37013301 0.40897799 0
vt 0.369618 0.40810704 0
vt 0.372482 0.37919402 0
vt 0.37189499 0.406075 0
vt 0.378948 0.365668 0
vt 0.37572199 0.38922596 0
vt 0.38118699 0.33555996 0
vt 0.37507901 0.346654 0
vt 0.37500599 0.369259 0
vt 0.37911701 0.410873 0
vt 0.38400099 0.39672399 0
vt 0.387499 0.373357 0
vt 0.38994601 0.34279901 0
vt 0.39207399 0.30709803 0
vt 0.38348499 0.30050302 0
vt 0.377875 0.30834603 0
vt 0.38146299 0.39043403 0
vt 0.37883899 0.32791501 0
vt 0.385331 0.44003403 0
vt 0.389476 0.42045099 0
vt 0.39289799 0.39704204 0
vt 0.39612001 0.36410201 0
vt 0.398736 0.32348204 0
vt 0.401629 0.27459598 0
vt 0.39426199 0.26149297 0
vt 0.38576201 0.2561 0
vt 0.380734 0.26214099 0
vt 0.382121 0.27602804 0
vt 0.385481 0.34638596 0
vt 0.38894001 0.44652402 0
vt 0.39233401 0.42401898 0
vt 0.395935 0.38660598 0
vt 0.39908001 0.342619 0
vt 0.40244699 0.28811204 0
vt 0.38801399 0.208386 0
vt 0.383178 0.21096599 0
vt 0.38488701 0.21860802 0
vt 0.38912201 0.289572 0
vt 0.38552499 0.45234299 0
vt 0.38992 0.39753497 0
vt 0.39363801 0.35198599 0
vt 0.397598 0.29475099 0
vt 0.40069899 0.23076403 0
vt 0.40544701 0.22794104 0
vt 0.39215299 0.22682601 0
vt 0.39418 0.16617101 0
vt 0.40275699 0.16617101 0
vt 0.407406 0.16617101 0
vt 0.40371799 0.22031403 0
vt 0.38774601 0.056658983 0
vt 0.395349 0.056658983 0
vt 0.386747 0.16617101 0
vt 0.40386501 0.056658983 0
vt 0.405458 0.16617101 0
vt 0.40830499 0.056658983 0
vt 0.39653301 0.21235198 0
vt 0.38551 0.056658983 0
vt 0.38482699 0.16617101 0
vt 0.39807999 0.16617101 0
vt 0.40606901 0.056658983 0
vt 0.39846599 0.056658983 0
vt 0.389532 0.16617101 0
vt 0.38995001 0.056658983 0
vt 0.06373053 0.10747302 0
vt 0.062968321 0.0057669878 0
vt 0.10616944 0.58465201 0
vt 0.06373053 0.53302199 0
vt 0.060104962 0.60132402 0
vt 0.060931463 0.635463 0
vt 0.12043114 0.53055602 0
vt 0.12043114 0.41533601 0
vt 0.063731447 0.41533601 0
vt 0.0074918531 0.41533601 0
vt 0.0074918531 0.534841 0
vt 0.0074918531 0.62413102 0
vt 0.0074918531 0.65463001 0
vt 0.12043114 0.309389 0
vt 0.06373053 0.309389 0
vt 0.0074918531 0.309389 0
vt 0.12043114 0.20828801 0
vt 0.063731447 0.20828801 0
vt 0.06373053 0.20828801 0
vt 0.0074918531 0.20828801 0
vt 0.12043114 0.097818971 0
vt 0.0074918531 0.112845 0
vt 0.11159311 0.033506989 0
vt 0.056656625 0.025995016 0
vt 0.0074918531 0.032772005 0
vt 0.0731159 -0.025521994 0
vt 0.0074918531 -0.043293953 0

# 1072 vertex normals
vn 0.93913347 0.12805982 -0.31879288
vn 0.97418296 0.2236187 -0.031020796
vn 0.99695289 0.043746181 -0.064585082
vn 0.99785894 6.3290391e-09 0.065403447
vn 0.98964304 -0.12805921 0.064865097
vn 0.96610433 0.25026569 0.063322008
vn 0.98964316 -0.12805851 0.064864688
vn 0.92448139 0.37638089 0.060593925
vn 0.92448127 0.37638122 0.060594104
vn -0.034401059 0.99112749 -0.12838568
vn -0.22618316 0.97150862 -0.070796944
vn 7.1060171e-09 1 -6.6861858e-08
vn 0.1413022 0.97840416 -0.1508607
vn -0.50427264 0.86098886 -0.066388778
vn -0.25959089 0.96321046 0.069557436
vn -0.49097925 0.85508007 -0.1666656
vn -0.13437408 0.96321046 0.23274298
vn 0.069557019 0.96321064 0.25959045
vn 0.23274292 0.96321046 0.13437407
vn 0.2595911 0.96321046 -0.06955687
vn 0.44153714 0.86641723 -0.23316565
vn -0.70893943 0.69906634 -0.093333557
vn -0.69069189 0.6990661 0.18507093
vn -0.49373764 0.85948867 0.13229664
vn -0.40351862 0.8609888 0.30963075
vn -0.6834951 0.69210058 -0.23201558
vn -0.25557733 0.8594889 0.44267282
vn -0.066388696 0.86098903 0.50427204
vn 0.50427234 0.86098891 0.066388741
vn 0.493738 0.85948867 -0.13229592
vn 0.69069189 0.69906652 -0.18506952
vn 0.64736438 0.69210005 -0.31924441
vn -0.84033102 0.4930962 0.22516648
vn -0.56729269 0.69906622 0.43529937
vn -0.79446489 0.45486423 -0.40239787
vn -0.86253214 0.49309611 -0.11355454
vn -0.35752881 0.6990664 0.61925715
vn 0.442673 0.85948884 0.2555773
vn 0.70893914 0.69906664 0.09333349
vn 0.84033078 0.49309659 -0.22516665
vn 0.73514503 0.45486328 -0.50265408
vn -0.69019759 0.49309593 0.52960724
vn -0.69655353 0.37638053 -0.61086082
vn -0.83742893 0.2548537 -0.48348987
vn -0.95870703 0.25485346 -0.12621608
vn 0.30963057 0.86098886 0.4035185
vn 0.61925739 0.69906628 0.35752845
vn 0.86253232 0.49309582 0.11355485
vn 0.93403065 0.25485298 -0.2502735
vn 0.76715672 0.25485319 -0.58865994
vn 0.61086202 0.37638023 -0.69655269
vn -0.64065874 0.21233183 -0.73788315
vn -0.93403059 0.25485304 0.25027338
vn 0.13229653 0.85948879 0.49373743
vn 0.75342023 0.49309558 0.43498799
vn 0.95870721 0.25485247 0.12621698
vn 0.96592575 -5.5079813e-08 -0.25881955
vn 0.53886569 0.21233217 -0.81519258
vn 0.79335362 -3.1328369e-08 -0.60876107
vn -0.96592575 1.1709374e-08 0.25881937
vn -0.76715654 0.25485364 0.58865988
vn -0.43498749 0.49309549 0.75342065
vn -0.09333346 0.69906604 0.70893973
vn 0.99144483 5.3016733e-09 0.13052644
vn 0.83742887 0.25485381 0.48348978
vn 0.50000012 -4.294505e-08 -0.86602539
vn 0.12940922 0.13052674 -0.98296297
vn -0.99144495 -1.2736579e-08 -0.13052599
vn -0.79335344 5.6111485e-08 0.60876119
vn -0.48348975 0.25485322 0.83742917
vn -0.11355408 0.49309543 0.86253262
vn 0.18507053 0.69906598 0.69069213
vn 0.13052589 -7.0247125e-08 -0.99144495
vn -0.25660485 0.13052705 -0.95766217
vn -0.86602515 -3.7237285e-08 -0.50000042
vn -0.83742893 -0.25485373 -0.4834899
vn -0.95870703 -0.25485352 -0.12621602
vn 0.22516605 0.49309582 0.84033144
vn -0.12621638 0.25485367 0.95870703
vn 0.43529916 0.69906628 0.56729269
vn -0.25881878 -9.2270042e-08 -0.96592587
vn -0.60876125 -8.1983899e-08 -0.79335356
vn -0.5886597 -0.25485319 -0.76715684
vn -0.52960706 -0.49309579 -0.69019783
vn -0.75342029 -0.49309635 -0.43498743
vn -0.93403065 -0.25485307 0.25027326
vn -0.76715636 -0.25485352 0.58866018
vn -0.25027278 -0.25485384 -0.93403059
vn -0.22516604 -0.49309558 -0.84033149
vn -0.43529919 -0.69906628 -0.56729263
vn -0.18507032 -0.69906616 -0.69069201
vn -0.86253196 -0.49309635 -0.11355457
vn -0.61925763 -0.69906628 -0.35752815
vn -0.48348978 -0.25485316 0.83742923
vn -0.50000012 5.9054074e-08 0.86602545
vn 0.12621589 -0.25485352 -0.95870703
vn -0.11355403 -0.49309561 0.86253256
vn -0.12621634 -0.25485361 0.95870703
vn -0.43498755 -0.4930957 0.75342053
vn -0.13052662 5.4138098e-08 0.99144483
vn 0.52960724 0.4930957 0.69019765
vn 0.48349017 -0.25485346 -0.83742887
vn 0.22516607 -0.4930959 0.84033138
vn 0.25027245 -0.25485411 0.93403065
vn -0.69019735 -0.49309596 0.52960736
vn 0.25027242 0.25485411 0.93403053
vn 0.25881898 2.5355634e-08 0.96592587
vn 0.58865982 0.25485411 0.76715642
vn 0.86602569 4.4672156e-08 0.49999937
vn 0.7671566 -0.2548534 -0.58865988
vn 0.58865982 -0.25485399 0.76715654
vn 0.60876173 5.3483316e-08 0.79335314
vn 0.83742887 -0.25485387 0.48348978
vn 0.95870721 -0.25485247 0.12621702
vn 0.43498817 -0.4930959 -0.75341994
vn 0.69019771 -0.4930954 -0.52960742
vn 0.93403053 -0.25485301 -0.2502735
vn 0.52960718 -0.4930957 0.69019777
vn 0.75342029 -0.49309587 0.43498796
vn 0.86253214 -0.49309602 0.11355491
vn 0.093333758 -0.6990664 -0.70893931
vn 0.11355421 -0.49309555 -0.86253244
vn 0.35752887 -0.69906616 -0.61925733
vn 0.56729341 -0.69906557 -0.43529949
vn 0.84033072 -0.49309671 -0.22516681
vn 0.43529904 -0.69906586 0.56729329
vn 0.18507056 -0.69906574 0.69069242
vn 0.61925757 -0.69906604 0.3575286
vn 0.70893919 -0.69906664 0.093333483
vn 0.69069189 -0.6990664 -0.1850698
vn 0.25557703 -0.85948873 -0.44267324
vn 0.40351874 -0.86098886 -0.30963024
vn 0.13229668 -0.85948867 0.49373776
vn 0.30963081 -0.86098886 0.40351847
vn -0.093333408 -0.69906598 0.70893985
vn 0.4426733 -0.85948855 0.25557739
vn 0.50427276 -0.8609888 0.066388704
vn -0.13229641 -0.85948873 -0.49373758
vn 0.49373832 -0.85948837 -0.13229625
vn -0.066388808 -0.86098886 0.50427252
vn 0.069556929 -0.96321064 0.25959054
vn 0.23274259 -0.96321052 0.13437401
vn -0.35752887 -0.6990661 0.61925733
vn 0.25959066 -0.96321052 -0.069556996
vn -0.30963075 -0.86098874 -0.4035185
vn 0.066388443 -0.86098886 -0.50427246
vn -0.13437387 -0.96321052 0.23274255
vn 1.2095348e-08 -1 8.1376271e-08
vn -0.56729287 -0.69906616 0.43529925
vn -0.25557747 -0.85948855 0.44267327
vn -0.84033096 -0.49309644 0.22516628
vn 0.13437393 -0.96321064 -0.23274253
vn -0.69069207 -0.69906604 0.18507056
vn -0.4035188 -0.86098862 0.30963096
vn -0.25959054 -0.96321052 0.069557101
vn -0.70893943 -0.69906628 -0.093333736
vn -0.069557182 -0.96321058 -0.25959051
vn -0.49373794 -0.85948855 0.13229664
vn -0.50427288 -0.86098868 -0.066388734
vn -0.23274255 -0.96321064 -0.1343739
vn -0.44267336 -0.85948843 -0.25557768
vn 0.35213128 0.84544593 -0.40152806
vn 0.25557688 0.85948867 -0.44267344
vn 0.12347447 0.9318381 -0.3412213
vn 0.47591704 0.69209981 -0.54267937
vn 0.3575289 0.69906634 -0.61925715
vn 0.066388413 0.86098909 -0.50427228
vn -0.090494536 0.93688267 -0.33773002
vn 0.52682424 0.60131866 -0.60072643
vn 0.093333691 0.69906646 -0.70893925
vn 0.36487997 0.53021598 -0.7653324
vn -0.13229634 0.85948873 -0.49373767
vn -0.30963051 0.86098886 -0.40351853
vn -0.24377523 0.93076468 -0.2724902
vn -0.1850704 0.69906622 -0.69069195
vn 0.11355414 0.49309516 -0.86253268
vn 0.29780218 0.37637982 -0.87729818
vn -0.4352991 0.6990664 -0.56729257
vn -0.54267895 0.69210076 -0.47591606
vn -0.3898257 0.85508019 -0.34186801
vn -0.22516611 0.49309552 -0.84033161
vn -0.46165359 0.5302158 -0.71115899
vn 0.12059013 0.38268265 -0.91597599
vn -0.60072684 0.60131967 -0.52682251
vn -0.23911761 0.38268304 -0.89239931
vn -0.40976456 0.37637997 -0.83092183
vn 0.49373764 0.85948867 0.13229674
vn 0.25959089 0.96321046 0.069557495
vn 0.40351859 0.86098868 0.30963084
vn 0.49896556 0.86641705 0.018841112
vn 0.69069189 0.6990661 0.18507093
vn -1.2851309e-08 1 6.1348842e-08
vn 0.13437407 0.96321052 0.23274286
vn 0.19780153 0.97840422 -0.059997529
vn 0.25557736 0.8594889 0.44267285
vn 0.56729269 0.6990661 0.43529937
vn 0.72025555 0.69210064 0.047208168
vn 0.79918021 0.53021652 0.28316352
vn 0.066388704 0.86098909 0.50427222
vn -0.069557011 0.96321064 0.25959045
vn 0.0098441541 0.97150868 -0.23679931
vn 0.35752878 0.69906634 0.61925715
vn 0.69019753 0.49309587 0.52960724
vn 0.79729754 0.60132009 0.052258063
vn 0.86833125 0.25026554 0.42821479
vn -0.13229656 0.85948873 0.49373755
vn 0.093333475 0.69906604 0.70893973
vn -0.30963054 0.86098897 0.40351817
vn -0.23274294 0.96321046 0.13437419
vn 0.02530637 0.92210835 -0.38610354
vn -0.10725313 0.88274544 -0.45744646
vn -0.13437413 0.96321052 -0.23274283
vn 0.43498743 0.49309549 0.75342071
vn 0.76715666 0.25485367 0.58865988
vn 0.89687252 2.3931797e-08 0.44228911
vn -0.18507056 0.69906592 0.69069225
vn 0.11355408 0.49309546 0.8625325
vn -0.25959113 0.96321046 -0.06955687
vn -0.50427234 0.86098903 0.066388711
vn -0.44267297 0.85948884 0.25557727
vn -0.23201561 0.69210076 -0.68349487
vn -0.35752892 0.69906628 -0.61925721
vn -0.25557682 0.85948867 -0.44267353
vn -0.40351832 0.86098903 -0.30963016
vn 0.48348972 0.25485316 0.83742917
vn 0.79335356 5.8589794e-08 0.60876113
vn 0.76715636 -0.25485355 0.58866018
vn 0.90220398 -0.29670137 0.31304362
vn -0.493738 0.85948867 -0.13229592
vn -0.61925739 0.69906634 0.35752848
vn -0.70893908 0.69906676 0.093333468
vn -0.28094709 0.48587388 -0.82764453
vn -0.43498835 0.49309555 -0.75342011
vn -0.56729335 0.69906563 -0.43529949
vn -0.69069171 0.6990667 -0.18506971
vn -0.43529919 0.69906634 0.56729263
vn -0.75342029 0.49309576 0.43498811
vn -0.86253232 0.49309582 0.11355487
vn -0.84033066 0.49309653 -0.22516669
vn -0.18588516 0.21233229 -0.95935488
vn -0.48349026 0.25485334 -0.83742881
vn -0.69019783 0.49309513 -0.52960753
vn -0.52960724 0.4930957 0.69019765
vn -0.83742893 0.25485373 0.48348984
vn -0.95870721 0.25485244 0.12621698
vn -0.93403065 0.25485283 -0.2502735
vn 0.064864285 0.12806088 -0.98964292
vn -0.1305259 -7.1486284e-08 -0.99144495
vn -0.50000018 -5.7814916e-08 -0.86602539
vn -0.7671566 0.25485319 -0.58866
vn -0.22516602 0.49309573 0.84033132
vn -0.58865982 0.25485411 0.76715654
vn -0.99144483 1.2736602e-08 0.13052644
vn -0.96592569 -8.9776137e-08 -0.25881955
vn 0.19416092 -0.043746557 -0.97999382
vn 0.25027278 -0.25485384 -0.93403053
vn -0.12621589 -0.25485352 -0.95870703
vn -0.79335362 -3.6284991e-08 -0.60876107
vn -0.25027242 0.25485423 0.93403053
vn 0.12621638 0.25485367 0.95870703
vn 0.60355341 -0.1305262 -0.78656608
vn 0.5886597 -0.25485319 -0.76715684
vn 0.22516604 -0.49309561 -0.84033149
vn -0.11355422 -0.49309552 -0.86253256
vn -0.48349017 -0.25485346 -0.83742887
vn -0.7671566 -0.2548534 -0.58865994
vn 0.13052663 3.678992e-08 0.99144483
vn 0.50000012 4.1705899e-08 0.86602545
vn 0.85861617 -0.13052616 -0.4957228
vn 0.52960706 -0.49309573 -0.69019783
vn 0.18507035 -0.69906616 -0.69069201
vn -0.43498829 -0.49309596 -0.75342005
vn -0.093333758 -0.6990664 -0.70893937
vn -0.93403053 -0.25485295 -0.25027353
vn -0.69019771 -0.4930954 -0.52960742
vn -0.95870721 -0.25485241 0.12621701
vn 0.48348969 -0.25485316 0.83742917
vn 0.93913347 -0.1280598 -0.31879306
vn 0.83742893 -0.2548537 -0.48348987
vn -0.35752884 -0.69906622 -0.61925733
vn -0.86253214 -0.49309593 0.1135549
vn -0.84033078 -0.49309659 -0.22516684
vn -0.56729341 -0.69906557 -0.43529946
vn -0.83742887 -0.25485381 0.48348978
vn -0.86602569 3.9715534e-08 0.4999994
vn 0.93534589 -0.29670182 -0.19260365
vn 0.75342011 -0.49309632 -0.43498737
vn -0.066388436 -0.86098891 -0.50427246
vn -0.255577 -0.85948873 -0.44267324
vn -0.69069189 -0.6990664 -0.18506981
vn -0.40351871 -0.86098891 -0.30963024
vn 0.86253196 -0.49309632 -0.11355457
vn 0.61925757 -0.69906628 -0.35752815
vn 0.43529916 -0.69906628 -0.56729263
vn 0.13229643 -0.85948879 -0.49373764
vn -0.1343739 -0.96321064 -0.23274247
vn 0.06955719 -0.96321058 -0.25959051
vn -0.49373832 -0.85948843 -0.13229628
vn -0.25959074 -0.96321058 -0.069557004
vn -0.60876173 4.2330907e-08 0.79335314
vn 0.30963072 -0.86098874 -0.4035185
vn -7.2572082e-09 -1 8.3795342e-08
vn 0.23274255 -0.96321064 -0.1343739
vn -0.50427276 -0.8609888 0.066388696
vn -0.23274261 -0.96321058 0.13437401
vn -0.58865988 -0.25485396 0.76715648
vn -0.25027245 -0.2548542 0.93403053
vn -0.25881901 3.0312254e-08 0.96592587
vn 0.44267336 -0.85948843 -0.25557765
vn -0.44267327 -0.85948855 0.25557733
vn -0.70893925 -0.69906658 0.093333498
vn -0.52960712 -0.49309576 0.69019777
vn -0.75342029 -0.49309584 0.43498796
vn -0.22516607 -0.49309593 0.84033138
vn 0.12621632 -0.25485367 0.95870703
vn 0.70893949 -0.69906622 -0.093333744
vn -0.61925757 -0.69906604 0.35752857
vn -0.18507056 -0.69906574 0.69069242
vn -0.43529904 -0.69906586 0.56729323
vn 0.11355402 -0.49309558 0.86253244
vn 0.50427294 -0.86098868 -0.066388741
vn 0.69069207 -0.6990661 0.18507059
vn 0.84033096 -0.49309644 0.22516634
vn -0.30963078 -0.8609888 0.40351835
vn -0.13229667 -0.85948855 0.49373776
vn 0.093333393 -0.69906598 0.70893985
vn 0.43498752 -0.49309573 0.75342053
vn 0.56729287 -0.69906616 0.43529925
vn 0.69019735 -0.49309599 0.52960736
vn -0.069556922 -0.96321064 0.25959051
vn 0.066388808 -0.86098891 0.50427252
vn 0.3575289 -0.69906616 0.61925727
vn 0.25959057 -0.96321058 0.069557108
vn 0.2555775 -0.85948861 0.44267327
vn 0.40351886 -0.86098862 0.30963093
vn 0.13437389 -0.96321052 0.23274262
vn 0.493738 -0.85948855 0.13229662
vn 0.04030057 0.78760105 -0.61486632
vn 0.1627295 0.83694607 -0.52253276
vn 0.047208495 0.6921007 -0.72025555
vn 0.30963051 0.86098891 -0.40351838
vn 0.4352991 0.6990664 -0.56729269
vn 0.1850704 0.69906628 -0.69069189
vn 0.20011137 0.93076468 -0.30599454
vn 0.057164542 0.48587394 -0.87215757
vn 0.442673 0.85948855 -0.25557759
vn 0.61925745 0.69906634 -0.35752827
vn 0.27754286 0.93183792 -0.23376952
vn 0.75342029 0.49309617 -0.4349876
vn 0.52960724 0.49309552 -0.69019789
vn 0.22516607 0.49309543 -0.84033167
vn 0.060593907 0.37637991 -0.92448187
vn 0.68349516 0.69210064 -0.23201543
vn 0.50571918 0.84544533 -0.17166923
vn 0.82764375 0.48587474 -0.28094751
vn 0.83742893 0.25485358 -0.48348984
vn 0.58865964 0.25485307 -0.76715702
vn 0.31304306 0.29670146 -0.90220422
vn 0.90102273 0.30758765 -0.30585602
vn 0.83405524 0.13038054 -0.53605282
vn 0.60355312 0.13052605 -0.78656644
vn 0.43864751 0.12806077 -0.88948804
vn -0.24768966 -0.96067506 0.12551199
vn -0.13976356 -0.97960955 0.14433047
vn -0.27264705 -0.91979831 0.28219602
vn -0.15591557 -0.98762548 0.016921179
vn -0.11879899 -0.89406621 0.43189406
vn -0.27935562 -0.79599863 0.53697926
vn 0.071069591 -0.99725765 -0.02064837
vn 0.022240104 -0.81007731 0.58590126
vn 0.10352223 -0.99265742 0.062566258
vn 0.16423286 -0.9277609 0.33509293
vn 0.2726087 -0.95825964 -0.086157121
vn 0.29617226 -0.95502192 -0.014667017
vn 0.26814917 -0.80741185 0.52553028
vn 0.36575288 -0.88559562 0.28626078
vn 0.43465635 -0.77346539 0.46133
vn 0.41975829 -0.90495837 -0.069665655
vn 0.39081287 -0.90894759 -0.14518805
vn 0.54893011 -0.7040478 0.45054677
vn 0.5117051 -0.81378567 0.2755194
vn 0.52529132 -0.84542984 -0.096527457
vn 0.47050521 -0.8714512 -0.13855578
vn 0.66995126 -0.65358174 0.35213107
vn 0.64330214 -0.75188416 0.14433557
vn 0.56123972 -0.82341862 -0.083617352
vn 0.52013624 -0.84685671 -0.1108691
vn 0.72348368 -0.65142572 0.22850817
vn 0.67488265 -0.73361355 0.079653308
vn 0.49879438 -0.86640316 -0.023448683
vn 0.46941692 -0.87839377 -0.089844868
vn 0.62411731 -0.77899849 0.060323033
vn 0.33932486 -0.94064826 0.0062945397
vn 0.2431571 -0.96997756 -0.0042696358
vn 0.082955189 -0.99493819 0.056714907
vn 0.85307533 0.14063819 -0.50247723
vn 0.75914907 0.17057189 -0.62817025
vn 0.73409426 0.36892366 -0.57008851
vn 0.79219669 0.41720742 -0.44537902
vn 0.64071184 0.041583654 -0.76665461
vn 0.56092852 0.31080458 -0.76730686
vn 0.49339017 0.62593001 -0.60396832
vn 0.52929074 0.75455868 -0.38793388
vn 0.52135837 0.83488536 -0.17649914
vn 0.3525275 0.13491911 -0.9260245
vn 0.28771085 0.34828126 -0.89214498
vn 0.23674931 0.66703612 -0.70640826
vn 0.21929868 0.85476005 -0.47041821
vn 0.22391459 0.97149718 -0.077816851
vn 0.20753819 0.95661366 0.20449534
vn -0.0046853158 0.14644803 -0.98920733
vn -0.051245488 0.31737614 -0.94691408
vn -0.097340465 0.66817129 -0.73761237
vn -0.072838061 0.91437644 -0.39825925
vn -0.011302807 0.99964011 0.024332415
vn 0.049748782 0.95880711 0.27966756
vn -0.32559201 0.05776513 -0.94374418
vn -0.36043009 0.24689254 -0.89951897
vn -0.40179217 0.60772264 -0.68500829
vn -0.36629763 0.86982447 -0.330502
vn -0.22565117 0.96935552 0.097115561
vn -0.13131079 0.92809457 0.34842229
vn -0.57953942 -0.01603717 -0.81478637
vn -0.6072948 0.16493112 -0.77716851
vn -0.62049949 0.53109944 -0.57698691
vn -0.57503855 0.77817309 -0.25254178
vn -0.43348172 0.8838253 0.17591603
vn -0.3229315 0.8371011 0.44156197
vn -0.75301641 -0.09399429 -0.65125376
vn -0.78881699 0.10133034 -0.6062178
vn -0.80700302 0.42649636 -0.40846923
vn -0.7466138 0.65253299 -0.12949352
vn -0.59180218 0.76710814 0.24761963
vn -0.45438662 0.77339494 0.4420329
vn -0.89148253 -0.13916846 -0.4311507
vn -0.90099043 0.15012494 -0.40703654
vn -0.87323505 0.41382244 -0.25731599
vn -0.83981448 0.53604764 -0.085817479
vn -0.68210268 0.68969893 0.24300478
vn -0.54607111 0.70877945 0.44658485
vn -0.93448931 -0.20742415 -0.289318
vn -0.95386833 0.16536929 -0.25057575
vn -0.80031335 0.59436303 -0.078938432
vn -0.67901248 0.70609891 0.20091398
vn -0.45525748 0.78986365 0.41092101
vn -0.9367308 -0.26794925 -0.2252526
vn -0.92145675 0.36951965 -0.11988682
vn -0.43045056 0.90198457 0.033706088
vn -0.38958013 0.91465425 0.10786507
vn -0.96020132 -0.19024284 -0.20450182
vn -0.87577021 0.44182625 -0.19446379
vn -0.31186464 -0.9487316 -0.051467426
vn -0.42930651 -0.89064449 -0.14982772
vn -0.24175538 -0.96062815 -0.13692281
vn -0.17317811 -0.98441261 -0.030679895
vn -0.40553829 -0.84070182 -0.35883054
vn -0.59178871 -0.7378518 -0.32459342
vn -0.0031561034 -0.97280329 -0.23161136
vn 0.024830386 -0.98865241 -0.148155
vn -0.39184913 -0.73301291 -0.55600929
vn -0.12768467 -0.87343079 -0.46990988
vn 0.19582205 -0.93634617 -0.29139271
vn 0.22321476 -0.94906706 -0.22236674
vn -0.16421291 -0.72694796 -0.66676891
vn 0.0061932872 -0.693726 -0.7202124
vn 0.060171399 -0.82872576 -0.55641097
vn 0.32806706 -0.88789374 -0.32251623
vn 0.35386497 -0.90207112 -0.24707757
vn 0.10388687 -0.62122148 -0.77671832
vn 0.18228868 -0.75247812 -0.63288832
vn 0.42888075 -0.82748795 -0.36238775
vn 0.4124887 -0.86065418 -0.29854217
vn 0.26189324 -0.57763749 -0.77314091
vn 0.36983472 -0.70098966 -0.60978335
vn 0.4492158 -0.80256909 -0.39254043
vn 0.43401605 -0.83082861 -0.3483589
vn 0.38204718 -0.58787996 -0.71304786
vn 0.43618613 -0.68918848 -0.57858521
vn 0.36096132 -0.84075224 -0.40353784
vn 0.38025549 -0.86180031 -0.33571735
vn 0.40755767 -0.73869556 -0.53686643
vn 0.2162203 -0.91774017 -0.33316937
vn 0.1477989 -0.95223147 -0.26722801
vn -0.015321043 -0.97664869 -0.21429577
vn 0.98242712 0.11656564 -0.14577165
vn 0.94398862 0.32986245 0.0087257046
vn 0.99177778 0.12727575 0.013331295
vn 0.91110593 0.39507765 -0.11747266
vn 0.93431264 0.24131741 0.26234651
vn 0.98361075 -0.022236556 0.17892827
vn 0.68692338 0.7252236 0.046766289
vn 0.79171169 0.57040799 0.2186944
vn 0.54930735 0.82968479 -0.099421024
vn 0.8679046 0.039001964 0.49519745
vn 0.80565792 0.25188702 0.53616083
vn 0.66165537 0.5879553 0.4653179
vn 0.26360944 0.96411002 0.03165378
vn 0.50567567 0.80146265 0.31929567
vn 0.070159748 0.98218232 -0.17434338
vn 0.63422012 0.027544621 0.77266181
vn 0.57880312 0.20012029 0.7905308
vn 0.42487594 0.5709812 0.7024678
vn -0.09899576 0.98649067 -0.13052261
vn 0.018851336 0.99402869 0.10747831
vn 0.23766729 0.85658866 0.45800677
vn 0.3547599 -0.068852842 0.93241876
vn 0.30790281 0.1225117 0.94349712
vn 0.15471901 0.50415081 0.84964347
vn -0.033028357 0.80779886 0.58853215
vn -0.19364597 0.96339923 0.18537292
vn -0.28336066 0.95639116 -0.070871629
vn 0.074099742 -0.1376842 0.98770052
vn 0.036551025 0.045107085 0.99831325
vn -0.085617937 0.43155426 0.89801478
vn -0.24716336 0.71715212 0.65161574
vn -0.40735647 0.8789618 0.24796538
vn -0.4939993 0.86893851 -0.030177711
vn -0.16697566 -0.20305005 0.96482635
vn -0.21482497 -0.0054890853 0.97663713
vn -0.34103408 0.33977559 0.87649775
vn -0.46298563 0.59974819 0.65264571
vn -0.57982683 0.76488006 0.28064087
vn -0.59806675 0.80013579 0.045815017
vn -0.41584823 -0.22768942 0.88047028
vn -0.42608547 0.061740022 0.90257376
vn -0.48897654 0.34230909 0.80232573
vn -0.56751227 0.48537037 0.66509056
vn -0.64961219 0.6836518 0.33260217
vn -0.6742177 0.73262745 0.093206711
vn -0.54238677 -0.28039938 0.79195511
vn -0.56595045 0.093172498 0.81915754
vn -0.53903377 0.54573733 0.6415711
vn -0.6196599 0.69505221 0.36458752
vn -0.57816505 0.81273782 0.071989939
vn -0.61567736 0.31261989 0.72333276
vn -0.58761889 -0.33291313 0.73747742
vn -0.31345481 0.88021159 0.3563337
vn -0.3288435 0.90335143 0.27535102
vn -0.52984542 0.37744376 0.75947344
vn -0.61555254 -0.2543864 0.74591058
vn -0.53139842 0.3398132 -0.77597857
vn -0.62910014 0.23005651 -0.74250054
vn -0.6965341 0.61304855 -0.37284288
vn -0.58640987 0.66088253 -0.46835652
vn -0.17820349 0.14695384 -0.97295845
vn -0.20627496 -0.0015400551 -0.97849286
vn -0.63980424 -0.14399289 -0.75492817
vn -0.8734594 0.15135452 -0.46277496
vn -0.87291604 0.4659386 -0.14463356
vn -0.64393848 0.75776416 0.10553098
vn -0.3655189 0.92645645 -0.089858152
vn -0.31101346 0.92208052 -0.23030047
vn 0.32614455 0.056969937 -0.94360173
vn 0.26627681 0.1952785 -0.94390839
vn -0.24952193 -0.31195292 -0.91674662
vn 0.204614 -0.29699829 -0.93269783
vn -0.7145108 -0.52574807 -0.46158794
vn -0.96801084 -0.20522684 -0.1443501
vn -0.96310765 0.16606894 0.21176572
vn -0.70331031 0.49413306 0.51106483
vn -0.230278 0.93800223 0.25908267
vn 0.13346621 0.97040498 -0.20124836
vn 0.16691954 0.98446649 -0.054440212
vn 0.65726632 0.36774379 -0.65784913
vn 0.54167092 0.45647797 -0.70584744
vn -0.75467658 -0.57568312 0.31472558
vn -0.75020343 -0.27819878 0.59983355
vn -0.254388 0.6899305 0.67770392
vn -0.54259235 -0.015345001 0.83985609
vn 0.22437118 0.94010383 0.2566368
vn 0.58972591 0.75336975 -0.29095942
vn 0.48666027 0.77754498 -0.39822835
vn 0.61413956 0.78499752 0.081312276
vn -0.55239964 -0.83127552 0.061933845
vn 0.027589271 -0.68909097 0.72414947
vn 0.26637664 0.69887006 0.66379523
vn -0.1845637 0.1405713 0.97271574
vn 0.71497011 0.5142858 0.47363275
vn 0.84788346 0.48745114 -0.20853072
vn 0.96857274 0.1911937 0.15909661
vn -0.19616717 -0.97629148 -0.091507003
vn -0.26602045 -0.70776498 -0.65444773
vn 0.22933401 0.14790204 0.96204513
vn 0.58564061 0.0010130025 0.8105703
vn 0.78799176 -0.25644168 0.55973798
vn 0.84809154 0.15409699 -0.50694662
vn 0.96378869 -0.18307479 -0.1938944
vn 0.6183629 -0.11895812 -0.77683747
vn 0.78360927 -0.55611771 0.27692887
vn 0.21780467 -0.97083366 -0.10021527
vn 0.25484595 -0.70138937 -0.66566253
vn 0.70387149 -0.50816232 -0.49632245
vn 0.57591063 -0.81677997 0.034603007
vn -0.43072447 -0.60054612 0.6736623
vn -0.37075248 -0.48638156 0.79118627
vn 0.034868769 -0.42642838 0.90384901
vn -0.87139702 -0.47112221 0.13678813
vn -0.90214312 -0.38336059 0.1979208
vn -0.47425351 -0.28819403 0.83188218
vn 0.27324182 -0.13510002 0.95241117
vn 0.31434286 -0.17100289 0.93378079
vn 0.063622579 -0.35482475 0.9327656
vn -0.66734284 -0.10858631 -0.73679203
vn -0.78451592 -0.24635728 -0.56907189
vn -0.80579925 -0.246562 -0.53841871
vn -0.94589108 -0.22416498 0.23460667
vn -0.52634048 -0.04170524 0.84925056
vn 0.24205275 -0.0082362108 0.9702282
vn 0.80110312 0.26428097 0.53701895
vn 0.74974066 0.29288647 0.59338558
vn 0.092122667 -0.23233625 0.96826303
vn -0.50737906 -0.26176667 0.82100236
vn -0.20505254 0.022685371 -0.97848803
vn -0.81333339 -0.24114268 -0.52947038
vn -0.96308631 -0.073394656 0.25899422
vn -0.49061987 0.11664462 0.86353129
vn 0.22066548 0.15247132 0.96335834
vn 0.81574488 0.26274389 0.51529205
vn 0.84143066 0.5091024 -0.18113305
vn 0.76312423 0.63610601 -0.11406431
vn -0.47581989 -0.17670624 0.86160916
vn 0.55362332 0.13897793 0.82108855
vn -0.9685238 -0.018300151 0.24824744
vn -0.98402655 0.0077426787 0.17785354
vn -0.84339511 -0.25703937 -0.47182146
vn -0.96763277 0.044836313 0.2483477
vn 0.24438326 0.24683206 0.93773705
vn 0.8282575 0.2575365 0.49765918
vn 0.9016934 0.36353615 -0.2340737
vn 0.72306657 0.6904853 -0.020121144
vn -0.75291395 0.33677572 -0.56542265
vn -0.82092464 0.24790113 -0.51441973
vn -0.78500277 0.26054719 -0.56203729
vn 0.83805859 0.24088697 0.48952147
vn -0.49858153 0.25916809 0.82719308
vn 0.22961782 0.32535374 0.91728985
vn 0.94479269 0.19905597 -0.26027563
vn 0.16053912 0.69558007 -0.70028245
vn -0.2875573 0.4188832 -0.86130589
vn -0.06759689 0.37761945 -0.92349029
vn 0.96306396 0.048954256 -0.26478535
vn 0.85633564 0.18829392 0.48086888
vn 0.25414723 0.36071539 0.8973816
vn -0.52200234 0.39490813 0.75601661
vn 0.52203947 0.027632501 -0.85247362
vn 0.47974837 0.26554585 -0.83625776
vn 0.32098147 0.61653417 -0.71892732
vn 0.24355507 0.35793042 -0.90142494
vn 0.8905825 0.12959698 0.43596712
vn -0.97837949 0.12053115 0.16806486
vn -0.2419095 0.16584016 -0.95602143
vn 0.40673494 0.46616364 -0.78565788
vn -0.29932207 0.26216868 -0.91742784
vn 0.93148071 -0.18932875 -0.31064171
vn -0.82937443 -0.27064732 -0.48876175
vn -0.22292738 -0.41290852 -0.88306856
vn -0.17957939 -0.13963313 -0.97378325
vn -0.59620965 -0.0041575544 -0.80281806
vn 0.96220398 -0.094885819 -0.25526497
vn -0.25585559 -0.46758431 -0.84611052
vn -0.17363979 -0.27481288 -0.94568866
vn 0.52568543 -0.16876219 -0.83377111
vn 0.4935436 -0.34016821 -0.80043769
vn 0.43874714 -0.42909127 -0.78954512
vn 0.076006047 0.37771425 -0.9227975
vn -0.051459529 0.3026807 -0.95170182
vn -0.1886057 0.72971046 -0.65722948
vn -0.036558107 0.73503131 -0.6770469
vn 0.40708974 0.076107718 -0.91021186
vn 0.34478444 -0.059091974 -0.93682009
vn -0.16100667 -0.053746153 -0.98548889
vn -0.41634578 0.32493067 -0.8491621
vn -0.49165604 0.66240728 -0.56523532
vn -0.35456416 0.90922546 -0.21815926
vn 0.019491166 0.9736861 -0.22705844
vn 0.13533005 0.93874991 -0.31691378
vn 0.7709372 -0.141397 -0.62101752
vn 0.76274669 0.006890032 -0.64666063
vn 0.18865624 -0.3373915 -0.92226666
vn 0.56597656 -0.44630179 -0.69317043
vn -0.48380896 -0.36520505 -0.79533273
vn -0.76095271 0.045747906 -0.64719254
vn -0.83629119 0.44069847 -0.32619333
vn -0.68969738 0.71960616 0.080526948
vn -0.050770737 0.98879397 0.14038803
vn 0.49098662 0.86953127 -0.053363688
vn 0.44524211 0.89095867 0.089175753
vn 0.97691822 0.10035065 -0.18857516
vn 0.93463618 0.21060702 -0.28653073
vn -0.93572384 -0.31279337 -0.16303775
vn -0.99554199 0.003477646 0.094255775
vn -0.35995004 0.80614471 0.46964544
vn -0.87863439 0.22711696 0.42002329
vn 0.31621918 0.86900645 0.38056967
vn 0.84188855 0.52960873 0.1036256
vn 0.82207012 0.5679242 -0.040777918
vn 0.6762138 0.59623843 0.43270627
vn -0.71471512 -0.64050806 -0.28094783
vn -0.55385631 -0.58318949 0.5942502
vn 0.06808015 0.67390418 0.73567533
vn -0.6157012 0.29590315 0.73031044
vn 0.47459728 0.35550597 0.80521619
vn 0.92978734 0.21570234 0.29827499
vn 0.74967313 -0.057624243 0.65929478
vn -0.39017987 -0.89213872 -0.22770227
vn -0.075231656 -0.68143398 -0.72800273
vn -0.2756395 0.19105703 0.94208294
vn 0.047392771 -0.062155887 0.99694061
vn 0.26690379 -0.39145157 0.8806408
vn 0.99000859 -0.13766117 0.030536368
vn 0.82262611 -0.45508656 0.34085578
vn 0.86800456 -0.3685931 -0.33272699
vn 0.32496113 -0.70956957 0.62522894
vn -0.051623069 -0.99856395 -0.014320323
vn 0.35073957 -0.81584257 -0.45976365
vn 0.67842042 -0.7314803 -0.068427093
vn 0.20981424 -0.93135715 0.29757676
vn 0.49438214 -0.27759972 0.82372612
vn 0.067803502 -0.22154692 0.97278965
vn 0.20769118 -0.18096301 0.96130991
vn 0.71377909 -0.27734861 0.64311516
vn -0.51414657 -0.026862914 0.85728163
vn -0.49509415 -0.17148103 0.85174888
vn -0.46046591 0.12466817 0.87887937
vn 0.26780853 -0.12743109 0.95500785
vn 0.84110367 -0.30548829 0.44634223
vn 0.95105916 -0.21125858 -0.22551356
vn -0.96301866 0.063736379 0.2617878
vn -0.9612453 0.1597649 0.22468357
vn -0.91012603 0.32366848 0.25866863
vn -0.83687401 0.43732354 0.32922632
vn -0.35041046 0.23671485 0.90618902
vn 0.34898061 -0.10819801 0.9308629
vn 0.90384692 -0.29873255 -0.3062999
vn 0.8313635 -0.3991957 0.38662305
vn 0.36402526 0.080659457 -0.92788994
vn -0.84539557 0.26210293 -0.46541217
vn -0.8075186 0.28061983 -0.51881236
vn -0.79100901 0.31774142 -0.52282417
vn -0.80433816 0.36653692 -0.46764389
vn -0.79271549 0.41101789 -0.45018491
vn -0.74568582 0.56818914 0.34801406
vn -0.23543078 0.37244505 0.89769548
vn 0.40492377 -0.054733455 0.91271085
vn 0.8041653 -0.44837531 0.39022774
vn 0.8174367 -0.44587958 -0.36467606
vn -0.24811004 0.31257558 -0.91691768
vn -0.18164851 0.23935653 -0.95378846
vn -0.21154791 0.12349225 -0.96953452
vn -0.29903492 0.059251644 -0.95240092
vn -0.36116427 0.016484059 -0.93235654
vn -0.12782836 0.51059806 0.85026443
vn 0.45931825 0.0093224663 0.88822293
vn 0.77212429 -0.49397478 0.39976618
vn 0.73544192 -0.57851464 -0.3527692
vn 0.20216472 0.26671097 -0.94233477
vn 0.46961787 -0.12566714 -0.87388033
vn 0.35207555 -0.25967789 -0.89922762
vn 0.24664162 -0.37850583 -0.89213306
vn 0.13789074 -0.51477611 -0.84616292
vn -0.43489021 -0.041079275 -0.89954609
vn 0.63572568 -0.70537412 -0.31352875
vn 0.56150025 -0.78492373 -0.26193923
vn 0.045903746 -0.60487527 -0.79499608
vn -0.49292204 -0.077151701 -0.86664611
vn -0.77264398 0.46206221 -0.43533865
vn 0.72821546 -0.55752438 0.39858344
vn 0.49179688 -0.81785184 -0.29875448
vn 0.74662787 -0.51111495 0.42580324
vn -0.043642994 -0.60211545 -0.79721534
vn -0.74925077 0.49740312 -0.43727973
vn -0.54467994 -0.06225846 -0.83632994
vn -0.64618313 0.70506752 0.29210812
vn 0.51256627 0.063022912 0.85633171
vn 0.49215683 0.06533055 0.86805171
vn -0.56695068 0.78350532 0.2543354
vn -0.74718636 0.51265687 -0.42296034
vn -0.5397191 0.80996692 0.2294713
vn -0.043231167 0.60074967 0.79826754
vn -0.0084319878 0.63477784 0.77264875
vn -0.013467933 -0.26984811 -0.96280879
vn -0.095528156 -0.41195697 -0.90618199
vn -0.077858895 -0.33859581 -0.93770516
vn -0.12467428 -0.47205371 -0.87270945
vn -0.12323069 -0.4955278 -0.859806
vn -0.10697739 -0.43111452 -0.89593315
vn -0.091606259 -0.42698359 -0.8996073
vn -0.10680707 -0.33525431 -0.93605393
vn -0.10005116 -0.3363786 -0.93639696
vn -0.099120371 -0.26258445 -0.95980442
vn -0.081416659 -0.24850655 -0.96520257
vn -0.0069192229 -0.25577384 -0.96671194
vn -0.012897093 -0.17214435 -0.98498738
vn 0.022014096 -0.31466848 -0.94894636
vn -0.012631639 -0.21100871 -0.97740263
vn 0.070788957 -0.36943543 -0.92655623
vn 0.12717633 -0.35409385 -0.92652243
vn 0.1474288 -0.44577098 -0.88292295
vn 0.065266348 -0.2718648 -0.96011978
vn 0.15892954 -0.53425568 -0.83024836
vn 0.18118057 -0.55579668 -0.81133449
vn 0.21030843 -0.46897081 -0.85780936
vn 0.19797525 -0.48265135 -0.85314339
vn 0.23231404 -0.35304677 -0.90630478
vn 0.25725108 -0.35654041 -0.89816535
vn 0.20931925 -0.21359691 -0.95423371
vn 0.20235541 -0.24733303 -0.9475646
vn 0.13967 -0.17967473 -0.97376037
vn 0.076483063 -0.2648237 -0.96125895
vn 0.092615284 -0.18280198 -0.97877777
vn 0.044025138 -0.30975401 -0.94979703
vn -0.014235895 -0.36485663 -0.93095493
vn -0.73949164 0.63943666 0.21041137
vn -0.50176042 0.61755276 0.60569388
vn -0.39024997 0.89980894 0.19506131
vn -0.40512058 0.89564174 -0.18358482
vn -0.79735738 0.43188849 0.42153695
vn -0.80663049 0.34404448 0.48060441
vn -0.52258313 0.42427024 0.739528
vn 0.0017273742 0.44346839 0.89628834
vn 0.025365086 0.6643697 0.74697357
vn 0.050829962 0.95999092 0.27537921
vn 0.068180159 0.98844594 -0.13537389
vn -0.79112917 0.27273425 0.54747665
vn -0.52115715 0.33219191 0.78615761
vn -0.017078705 0.34214172 0.93949318
vn 0.42230725 0.27200723 0.86467838
vn 0.44535393 0.3635647 0.81821805
vn 0.47784433 0.55027783 0.68473291
vn 0.4403863 0.85541481 0.27262682
vn 0.50785565 0.86030662 -0.044217631
vn -0.79339755 0.194065 0.5769394
vn -0.53006965 0.25383496 0.80906987
vn 0.44461834 0.1947055 0.87430227
vn -0.013690693 0.25901818 0.96577549
vn 0.68615258 0.12756646 0.71618539
vn 0.65519005 0.19731101 0.72924232
vn 0.68664485 0.27571091 0.67268294
vn 0.71433115 0.36638963 0.59622955
vn 0.71301234 0.58541822 0.38587415
vn -0.8354665 0.081722066 0.54343086
vn -0.56086075 0.10811955 0.82082003
vn 0.010549926 0.11897722 0.99284101
vn 0.69995332 0.015143009 0.71402806
vn 0.47306165 0.03684115 0.88025874
vn -0.85856462 -0.15276855 0.48941654
vn -0.53282714 -0.39330071 0.74927288
vn 0.38893762 -0.44220316 0.80819792
vn -0.025039248 -0.41066432 0.91144276
vn 0.6926325 -0.22191325 0.68630517
vn -0.59179401 -0.71198267 0.377969
vn -0.059640579 -0.8225354 0.5655781
vn 0.44313085 -0.7268734 0.52468091
vn 0.53627777 -0.33859897 -0.77314752
vn 0.53581929 -0.41195795 -0.7370131
vn 0.49306309 -0.26985142 -0.82708472
vn 0.5443269 -0.47205341 -0.69345063
vn 0.53662461 -0.49552664 -0.6829989
vn 0.54061168 -0.43111491 -0.72241193
vn 0.5291369 -0.42698446 -0.73327923
vn 0.55484492 -0.33637902 -0.76091808
vn 0.56052452 -0.33525491 -0.75724274
vn 0.5657416 -0.26258415 -0.78165603
vn 0.55310822 -0.24850607 -0.79518306
vn 0.48934701 -0.25577345 -0.83373833
vn 0.50366002 -0.1721451 -0.84657711
vn 0.49963987 -0.2110118 -0.84013927
vn 0.45540857 -0.31466842 -0.83281869
vn 0.4019751 -0.36942855 -0.83781773
vn 0.42353469 -0.27186042 -0.864124
vn 0.31378525 -0.44576851 -0.8383491
vn 0.3531225 -0.35409296 -0.86598074
vn 0.2467711 -0.46897152 -0.84803873
vn 0.24876112 -0.55579573 -0.79322696
vn 0.27748844 -0.534253 -0.79848236
vn 0.22629949 -0.35654086 -0.90645868
vn 0.25196218 -0.35304719 -0.9010399
vn 0.25511625 -0.4826529 -0.83783162
vn 0.29853752 -0.24733317 -0.92179263
vn 0.29583937 -0.21359694 -0.93105072
vn 0.36592317 -0.17967594 -0.91313577
vn 0.41439101 -0.26482409 -0.87071723
vn 0.4091799 -0.18280503 -0.89395428
vn 0.43676546 -0.30975524 -0.84456354
vn 0.47780246 -0.36485437 -0.7991159
vn 0.47976184 0.43189168 0.76373971
vn 0.13169089 0.61755323 0.77542609
vn 0.45825595 0.344046 0.81953275
vn 0.53521156 0.63943911 0.55196577
vn 0.24043606 0.89980847 0.36405411
vn -0.39545414 0.66436911 0.63421589
vn -0.4496398 0.44346809 0.77534527
vn 0.082802318 0.42427126 0.9017415
vn 0.41139755 0.27273303 0.86969465
vn 0.44263685 0.89564168 0.04357513
vn 0.008642667 0.98844659 -0.15132332
vn -0.18170922 0.9599914 0.2130691
vn -0.51769674 0.8554163 0.015909098
vn -0.75619322 0.55027699 0.35407218
vn 0.058256298 0.33219177 0.94141114
vn 0.39864331 0.19406541 0.89633822
vn -0.41770655 0.86030823 -0.29221767
vn -0.81042445 0.58541769 -0.022327503
vn -0.93099296 0.27571261 0.2392374
vn -0.79479539 0.36356518 0.48592266
vn -0.91674614 0.36638549 0.15918003
vn -0.45495638 0.34214264 0.82216376
vn 0.054522362 0.25383526 0.96570957
vn 0.45182002 0.081721291 0.88835818
vn -0.93202853 0.19731273 0.30395806
vn -0.79806507 0.27200839 0.53768361
vn -0.82220113 0.19470617 0.5348596
vn -0.47103167 0.2590175 0.84323138
vn 0.075307071 0.10811811 0.99128169
vn 0.49883014 -0.15276814 0.85312986
vn -0.95231783 0.12756762 0.2771593
vn -0.96319097 0.015142151 0.2683911
vn -0.84981096 0.036840875 0.52579862
vn -0.50555497 0.11897743 0.85455173
vn 0.086805671 -0.39330143 0.91530263
vn 0.32352334 -0.71198297 0.62322789
vn -0.94298923 -0.22191687 0.24804096
vn -0.74092704 -0.44220504 0.5054521
vn -0.43403381 -0.41066572 0.80185306
vn -0.23113927 -0.82253695 0.51962274
vn -0.64609981 -0.72687614 0.23282216
vn 0.077858903 -0.33859605 -0.93770504
vn 0.095528044 -0.41195706 -0.90618205
vn 0.013467961 -0.26984867 -0.96280855
vn 0.12467359 -0.47205347 -0.87270963
vn 0.12323036 -0.49552771 -0.85980612
vn 0.10697739 -0.43111452 -0.89593315
vn 0.091606259 -0.42698359 -0.8996073
vn 0.10005118 -0.33637872 -0.93639696
vn 0.10680708 -0.33525452 -0.93605375
vn 0.099120393 -0.26258463 -0.95980448
vn 0.081416659 -0.24850655 -0.96520257
vn 0.0069192247 -0.25577384 -0.96671194
vn 0.012897093 -0.17214435 -0.98498738
vn 0.012631639 -0.21100871 -0.97740263
vn -0.022014096 -0.31466848 -0.94894636
vn -0.070788957 -0.36943543 -0.92655623
vn -0.065266483 -0.27186564 -0.96011943
vn -0.1474289 -0.44577134 -0.88292289
vn -0.12717655 -0.35409415 -0.92652225
vn -0.21030839 -0.46897066 -0.85780936
vn -0.18118054 -0.55579668 -0.81133461
vn -0.15892962 -0.53425568 -0.83024836
vn -0.25725108 -0.35654044 -0.89816523
vn -0.23231404 -0.35304677 -0.90630466
vn -0.19797514 -0.48265114 -0.85314345
vn -0.2023554 -0.24733296 -0.9475646
vn -0.20931917 -0.2135967 -0.95423377
vn -0.13966997 -0.17967464 -0.97376049
vn -0.076483063 -0.2648237 -0.96125895
vn -0.092615284 -0.18280198 -0.97877777
vn -0.044025138 -0.30975401 -0.94979703
vn 0.014235895 -0.36485663 -0.93095493
vn 0.79735702 0.431889 0.42153734
vn 0.5017603 0.61755323 0.60569352
vn 0.80663043 0.34404454 0.4806045
vn 0.73949134 0.63943726 0.21041048
vn 0.39024982 0.89980906 0.19506072
vn -0.025365276 0.66436982 0.74697345
vn -0.0017273668 0.4434683 0.89628839
vn 0.52258313 0.42427024 0.739528
vn 0.79112923 0.27273428 0.54747671
vn 0.40512058 0.89564174 -0.18358482
vn -0.068179794 0.988446 -0.13537388
vn -0.050829679 0.95999104 0.27537921
vn -0.44038612 0.85541487 0.27262688
vn -0.47784436 0.55027777 0.68473291
vn 0.52115715 0.33219191 0.78615761
vn 0.79339755 0.19406499 0.5769394
vn -0.50785565 0.86030662 -0.044217631
vn -0.71301228 0.58541822 0.3858743
vn -0.68664467 0.27571106 0.67268306
vn -0.44535369 0.36356458 0.81821811
vn -0.71433115 0.36638963 0.59622955
vn 0.017078932 0.34214172 0.93949318
vn 0.53006971 0.25383496 0.80906987
vn 0.83546662 0.081722081 0.54343092
vn -0.65518969 0.19731112 0.72924268
vn -0.42230675 0.27200726 0.8646785
vn -0.44461775 0.19470553 0.87430245
vn 0.013691526 0.25901818 0.96577549
vn 0.56086075 0.10811953 0.82081991
vn 0.85856462 -0.15276857 0.48941651
vn -0.68615252 0.12756647 0.71618539
vn -0.69995332 0.01514301 0.71402806
vn -0.47306171 0.036841162 0.88025874
vn -0.01054971 0.11897719 0.99284095
vn 0.53282714 -0.39330071 0.74927288
vn 0.59179401 -0.71198267 0.377969
vn -0.69263262 -0.22191328 0.68630505
vn -0.38893783 -0.44220325 0.80819792
vn 0.025039254 -0.41066435 0.91144276
vn 0.059640579 -0.82253534 0.5655781
vn -0.44313115 -0.72687346 0.52468067
vn -0.49306405 -0.26985192 -0.82708389
vn -0.53581977 -0.41195822 -0.73701268
vn -0.53627861 -0.33859953 -0.77314663
vn -0.54061168 -0.43111503 -0.72241187
vn -0.53662455 -0.49552676 -0.68299884
vn -0.5443272 -0.47205362 -0.69345033
vn -0.56052458 -0.33525497 -0.75724268
vn -0.55484498 -0.33637905 -0.76091808
vn -0.52913696 -0.42698473 -0.73327905
vn -0.5657416 -0.26258418 -0.78165603
vn -0.55310822 -0.24850607 -0.79518306
vn -0.48934701 -0.25577351 -0.83373833
vn -0.50366002 -0.1721451 -0.84657711
vn -0.45540857 -0.31466842 -0.83281869
vn -0.49963987 -0.2110118 -0.84013927
vn -0.4019751 -0.36942855 -0.83781773
vn -0.35312277 -0.35409361 -0.86598045
vn -0.31378543 -0.44576898 -0.83834881
vn -0.42353541 -0.27186209 -0.86412311
vn -0.27748844 -0.53425306 -0.79848224
vn -0.24876104 -0.55579555 -0.79322714
vn -0.24677102 -0.46897134 -0.84803891
vn -0.25511608 -0.48265249 -0.83783185
vn -0.2519621 -0.35304719 -0.90103984
vn -0.22629935 -0.35654095 -0.90645856
vn -0.29583916 -0.21359684 -0.93105078
vn -0.29853743 -0.24733318 -0.92179269
vn -0.36592308 -0.17967591 -0.91313577
vn -0.41439098 -0.26482409 -0.87071723
vn -0.4091799 -0.18280503 -0.89395428
vn -0.43676546 -0.30975524 -0.84456354
vn -0.47780246 -0.36485437 -0.7991159
vn -0.49882933 -0.15276809 0.85313022
vn -0.08680553 -0.39330116 0.91530269
vn -0.075307235 0.10811811 0.99128163
vn -0.45182011 0.081721477 0.88835818
vn -0.32352334 -0.71198297 0.62322789
vn 0.23113908 -0.82253671 0.51962322
vn 0.43403319 -0.41066539 0.80185348
vn 0.50555444 0.1189776 0.85455197
vn 0.47103161 0.25901788 0.84323132
vn -0.054522723 0.25383535 0.96570957
vn -0.39864355 0.19406541 0.89633805
vn 0.74092686 -0.44220501 0.50545233
vn 0.64609993 -0.72687608 0.23282209
vn 0.8498109 0.036841169 0.52579862
vn 0.82220107 0.19470641 0.5348596
vn 0.45495638 0.34214279 0.8221637
vn -0.058256056 0.33219177 0.94141114
vn -0.4113968 0.27273297 0.86969501
vn 0.94298941 -0.22191688 0.24804044
vn 0.96319097 0.015142738 0.26839104
vn 0.95231789 0.12756771 0.27715924
vn 0.79806513 0.27200848 0.53768337
vn 0.44963992 0.44346783 0.77534515
vn -0.08280199 0.4242712 0.9017415
vn -0.45825619 0.34404609 0.81953263
vn 0.93202853 0.19731319 0.30395779
vn 0.79479539 0.36356485 0.48592272
vn 0.75619328 0.55027694 0.35407233
vn 0.39545402 0.66436917 0.63421589
vn -0.13169101 0.61755323 0.77542609
vn -0.47976196 0.43189126 0.76373965
vn 0.93099308 0.27571237 0.23923753
vn 0.91674614 0.36638549 0.15918003
vn 0.51769668 0.8554163 0.015909996
vn 0.81042439 0.58541763 -0.02232703
vn 0.18170947 0.95999122 0.21306938
vn -0.2404359 0.89980835 0.36405423
vn -0.53521144 0.63943905 0.55196607
vn 0.4177064 0.86030871 -0.29221624
vn -0.0086425133 0.98844665 -0.15132272
vn -0.44263685 0.89564168 0.04357513

# Mesh 'DoubleCherryMat00' with 640 faces
g DoubleCherryMat00
usemtl DoubleCherryMat00
f  1/1/1 2/1/2 3/1/3
f  3/1/3 4/1/4 5/1/5
f  3/1/3 2/1/2 4/1/4
f  4/1/4 2/1/2 6/1/6
f  4/1/4 7/1/7 5/1/5
f  2/1/2 8/1/8 6/1/6
f  6/1/6 8/1/8 9/1/9
f  10/2/10 11/2/11 12/2/12
f  10/2/10 12/2/12 13/2/13
f  11/2/11 14/2/14 15/2/15
f  11/2/11 15/2/15 12/2/12
f  11/2/11 16/2/16 14/2/14
f  12/2/12 17/2/17 18/2/18
f  12/2/12 15/2/15 17/2/17
f  12/2/12 18/2/18 19/2/19
f  12/2/12 20/2/20 13/2/13
f  12/2/12 19/2/19 20/2/20
f  13/2/13 20/2/20 21/2/21
f  14/2/14 22/2/22 23/2/23
f  14/2/14 23/2/23 24/2/24
f  14/2/14 16/2/16 22/2/22
f  14/2/14 24/2/24 15/2/15
f  15/2/15 25/2/25 17/2/17
f  15/2/15 24/2/24 25/2/25
f  16/2/16 26/2/26 22/2/22
f  17/2/17 27/2/27 28/2/28
f  17/2/17 28/2/28 18/2/18
f  17/2/17 25/2/25 27/2/27
f  20/2/20 19/2/19 29/2/29
f  20/2/20 29/2/29 30/2/30
f  20/2/20 30/2/30 21/2/21
f  21/2/21 31/2/31 32/2/32
f  21/2/21 30/2/30 31/2/31
f  24/2/24 23/2/23 25/2/25
f  23/2/23 33/2/33 34/2/34
f  23/2/23 22/2/22 33/2/33
f  23/2/23 34/2/34 25/2/25
f  25/2/25 34/2/34 27/2/27
f  26/2/26 35/2/35 36/2/36
f  26/2/26 36/2/36 22/2/22
f  27/2/27 37/2/37 28/2/28
f  27/2/27 34/2/34 37/2/37
f  30/2/30 29/2/29 31/2/31
f  29/2/29 19/2/19 38/2/38
f  29/2/29 38/2/38 39/2/39
f  29/2/29 39/2/39 31/2/31
f  31/2/31 40/2/40 32/2/32
f  31/2/31 39/2/39 40/2/40
f  32/2/32 40/2/40 41/2/41
f  34/2/34 42/2/42 37/2/37
f  34/2/34 33/2/33 42/2/42
f  35/2/35 43/2/43 44/2/44
f  35/2/35 44/2/44 45/2/45
f  35/2/35 45/2/45 36/2/36
f  22/2/22 36/2/36 33/2/33
f  19/2/19 46/2/46 38/2/38
f  19/2/19 18/2/18 46/2/46
f  38/2/38 46/2/46 47/2/47
f  38/2/38 47/2/47 39/2/39
f  39/2/39 47/2/47 48/2/48
f  39/2/39 48/2/48 40/2/40
f  40/2/40 49/2/49 41/2/41
f  40/2/40 48/2/48 49/2/49
f  41/2/41 49/2/49 50/2/50
f  41/2/41 50/2/50 51/2/51
f  43/2/43 52/2/52 44/2/44
f  33/2/33 36/2/36 53/2/53
f  33/2/33 53/2/53 42/2/42
f  18/2/18 28/2/28 54/2/54
f  18/2/18 54/2/54 46/2/46
f  48/2/48 55/2/55 56/2/56
f  48/2/48 56/2/56 49/2/49
f  48/2/48 47/2/47 55/2/55
f  49/2/49 57/2/57 50/2/50
f  49/2/49 56/2/56 57/2/57
f  51/2/51 50/2/50 58/2/58
f  50/2/50 59/2/59 58/2/58
f  50/2/50 57/2/57 59/2/59
f  36/2/36 45/2/45 53/2/53
f  53/2/53 45/2/45 60/2/60
f  53/2/53 60/2/60 61/2/61
f  53/2/53 61/2/61 42/2/42
f  42/2/42 61/2/61 62/2/62
f  42/2/42 62/2/62 37/2/37
f  28/2/28 63/2/63 54/2/54
f  28/2/28 37/2/37 63/2/63
f  56/2/56 64/2/64 57/2/57
f  56/2/56 65/2/65 64/2/64
f  56/2/56 55/2/55 65/2/65
f  58/2/58 66/2/66 67/2/67
f  58/2/58 59/2/59 66/2/66
f  45/2/45 44/2/44 68/2/68
f  45/2/45 68/2/68 60/2/60
f  61/2/61 69/2/69 70/2/70
f  61/2/61 60/2/60 69/2/69
f  61/2/61 70/2/70 62/2/62
f  37/2/37 62/2/62 63/2/63
f  62/2/62 70/2/70 71/2/71
f  62/2/62 71/2/71 63/2/63
f  63/2/63 71/2/71 72/2/72
f  63/2/63 72/2/72 54/2/54
f  67/2/67 73/2/73 74/2/74
f  67/2/67 66/2/66 73/2/73
f  44/2/44 52/2/52 75/2/75
f  44/2/44 75/2/75 68/2/68
f  68/2/68 75/2/75 76/2/76
f  68/2/68 76/2/76 77/2/77
f  68/2/68 77/2/77 60/2/60
f  71/2/71 78/2/78 72/2/72
f  71/2/71 79/2/79 78/2/78
f  71/2/71 70/2/70 79/2/79
f  54/2/54 72/2/72 80/2/80
f  54/2/54 80/2/80 46/2/46
f  74/2/74 73/2/73 81/2/81
f  74/2/74 81/2/81 82/2/82
f  74/2/74 82/2/82 52/2/52
f  52/2/52 82/2/82 75/2/75
f  75/2/75 82/2/82 83/2/83
f  75/2/75 83/2/83 76/2/76
f  76/2/76 84/2/84 85/2/85
f  76/2/76 85/2/85 77/2/77
f  76/2/76 83/2/83 84/2/84
f  60/2/60 77/2/77 86/2/86
f  60/2/60 86/2/86 87/2/87
f  60/2/60 87/2/87 69/2/69
f  46/2/46 80/2/80 47/2/47
f  81/2/81 73/2/73 88/2/88
f  81/2/81 88/2/88 82/2/82
f  82/2/82 88/2/88 83/2/83
f  83/2/83 89/2/89 84/2/84
f  83/2/83 88/2/88 89/2/89
f  84/2/84 90/2/90 85/2/85
f  84/2/84 91/2/91 90/2/90
f  84/2/84 89/2/89 91/2/91
f  85/2/85 92/2/92 77/2/77
f  85/2/85 93/2/93 92/2/92
f  85/2/85 90/2/90 93/2/93
f  69/2/69 94/2/94 95/2/95
f  69/2/69 87/2/87 94/2/94
f  69/2/69 95/2/95 70/2/70
f  47/2/47 80/2/80 55/2/55
f  88/2/88 96/2/96 89/2/89
f  88/2/88 73/2/73 96/2/96
f  73/2/73 66/2/66 96/2/96
f  77/2/77 92/2/92 86/2/86
f  94/2/94 97/2/97 98/2/98
f  94/2/94 99/2/99 97/2/97
f  94/2/94 98/2/98 95/2/95
f  94/2/94 87/2/87 99/2/99
f  70/2/70 95/2/95 79/2/79
f  95/2/95 98/2/98 100/2/100
f  95/2/95 100/2/100 79/2/79
f  80/2/80 72/2/72 101/2/101
f  80/2/80 101/2/101 55/2/55
f  55/2/55 101/2/101 65/2/65
f  66/2/66 102/2/102 96/2/96
f  66/2/66 59/2/59 102/2/102
f  98/2/98 103/2/103 104/2/104
f  98/2/98 97/2/97 103/2/103
f  98/2/98 104/2/104 100/2/100
f  87/2/87 86/2/86 105/2/105
f  87/2/87 105/2/105 99/2/99
f  79/2/79 106/2/106 78/2/78
f  79/2/79 100/2/100 106/2/106
f  100/2/100 104/2/104 107/2/107
f  100/2/100 107/2/107 106/2/106
f  72/2/72 78/2/78 101/2/101
f  101/2/101 108/2/108 65/2/65
f  101/2/101 78/2/78 108/2/108
f  65/2/65 109/2/109 64/2/64
f  65/2/65 108/2/108 109/2/109
f  59/2/59 110/2/110 102/2/102
f  59/2/59 57/2/57 110/2/110
f  104/2/104 111/2/111 112/2/112
f  104/2/104 103/2/103 111/2/111
f  104/2/104 112/2/112 107/2/107
f  106/2/106 112/2/112 108/2/108
f  106/2/106 107/2/107 112/2/112
f  106/2/106 108/2/108 78/2/78
f  108/2/108 112/2/112 109/2/109
f  109/2/109 113/2/113 64/2/64
f  109/2/109 111/2/111 113/2/113
f  109/2/109 112/2/112 111/2/111
f  64/2/64 114/2/114 57/2/57
f  64/2/64 113/2/113 114/2/114
f  110/2/110 115/2/115 102/2/102
f  110/2/110 116/2/116 115/2/115
f  110/2/110 117/2/117 116/2/116
f  110/2/110 57/2/57 117/2/117
f  57/2/57 114/2/114 117/2/117
f  111/2/111 118/2/118 113/2/113
f  111/2/111 103/2/103 118/2/118
f  113/2/113 119/2/119 114/2/114
f  113/2/113 118/2/118 119/2/119
f  114/2/114 120/2/120 117/2/117
f  114/2/114 119/2/119 120/2/120
f  115/2/115 121/2/121 122/2/122
f  115/2/115 123/2/123 121/2/121
f  115/2/115 116/2/116 123/2/123
f  115/2/115 122/2/122 102/2/102
f  102/2/102 122/2/122 96/2/96
f  116/2/116 124/2/124 123/2/123
f  116/2/116 117/2/117 125/2/125
f  116/2/116 125/2/125 124/2/124
f  117/2/117 120/2/120 125/2/125
f  118/2/118 126/2/126 119/2/119
f  118/2/118 127/2/127 126/2/126
f  118/2/118 103/2/103 127/2/127
f  103/2/103 97/2/97 127/2/127
f  119/2/119 128/2/128 120/2/120
f  119/2/119 126/2/126 128/2/128
f  120/2/120 129/2/129 125/2/125
f  120/2/120 128/2/128 129/2/129
f  122/2/122 91/2/91 89/2/89
f  122/2/122 121/2/121 91/2/91
f  122/2/122 89/2/89 96/2/96
f  125/2/125 130/2/130 124/2/124
f  125/2/125 129/2/129 130/2/130
f  124/2/124 131/2/131 123/2/123
f  124/2/124 132/2/132 131/2/131
f  124/2/124 130/2/130 132/2/132
f  126/2/126 127/2/127 133/2/133
f  126/2/126 133/2/133 134/2/134
f  126/2/126 134/2/134 128/2/128
f  127/2/127 135/2/135 133/2/133
f  127/2/127 97/2/97 135/2/135
f  97/2/97 99/2/99 135/2/135
f  128/2/128 134/2/134 136/2/136
f  128/2/128 136/2/136 129/2/129
f  129/2/129 136/2/136 137/2/137
f  129/2/129 137/2/137 130/2/130
f  91/2/91 138/2/138 90/2/90
f  91/2/91 121/2/121 138/2/138
f  130/2/130 137/2/137 139/2/139
f  130/2/130 139/2/139 132/2/132
f  133/2/133 140/2/140 141/2/141
f  133/2/133 135/2/135 140/2/140
f  133/2/133 141/2/141 134/2/134
f  134/2/134 141/2/141 142/2/142
f  134/2/134 142/2/142 136/2/136
f  135/2/135 99/2/99 143/2/143
f  135/2/135 143/2/143 140/2/140
f  99/2/99 105/2/105 143/2/143
f  136/2/136 142/2/142 137/2/137
f  137/2/137 142/2/142 144/2/144
f  137/2/137 144/2/144 139/2/139
f  90/2/90 145/2/145 93/2/93
f  90/2/90 138/2/138 145/2/145
f  121/2/121 146/2/146 138/2/138
f  121/2/121 123/2/123 146/2/146
f  139/2/139 144/2/144 132/2/132
f  141/2/141 147/2/147 148/2/148
f  141/2/141 140/2/140 147/2/147
f  141/2/141 148/2/148 142/2/142
f  142/2/142 148/2/148 144/2/144
f  143/2/143 105/2/105 149/2/149
f  143/2/143 149/2/149 150/2/150
f  143/2/143 150/2/150 140/2/140
f  105/2/105 151/2/151 149/2/149
f  105/2/105 86/2/86 151/2/151
f  123/2/123 131/2/131 146/2/146
f  132/2/132 144/2/144 152/2/152
f  132/2/132 152/2/152 131/2/131
f  149/2/149 153/2/153 154/2/154
f  149/2/149 154/2/154 150/2/150
f  149/2/149 151/2/151 153/2/153
f  150/2/150 154/2/154 147/2/147
f  150/2/150 147/2/147 140/2/140
f  147/2/147 154/2/154 155/2/155
f  147/2/147 155/2/155 148/2/148
f  151/2/151 156/2/156 153/2/153
f  151/2/151 86/2/86 92/2/92
f  151/2/151 92/2/92 156/2/156
f  131/2/131 152/2/152 146/2/146
f  152/2/152 148/2/148 157/2/157
f  152/2/152 157/2/157 146/2/146
f  152/2/152 144/2/144 148/2/148
f  153/2/153 158/2/158 154/2/154
f  153/2/153 156/2/156 159/2/159
f  153/2/153 159/2/159 158/2/158
f  154/2/154 158/2/158 155/2/155
f  155/2/155 158/2/158 159/2/159
f  155/2/155 160/2/160 148/2/148
f  155/2/155 159/2/159 160/2/160
f  156/2/156 92/2/92 93/2/93
f  156/2/156 93/2/93 161/2/161
f  156/2/156 161/2/161 159/2/159
f  146/2/146 157/2/157 138/2/138
f  157/2/157 148/2/148 160/2/160
f  157/2/157 160/2/160 145/2/145
f  157/2/157 145/2/145 138/2/138
f  159/2/159 161/2/161 160/2/160
f  160/2/160 161/2/161 145/2/145
f  93/2/93 145/2/145 161/2/161
f  21/3/162 162/4/163 13/5/164
f  21/3/162 32/6/165 162/4/163
f  162/4/163 163/7/166 164/8/167
f  162/4/163 164/8/167 13/5/164
f  162/4/163 32/6/165 163/7/166
f  13/5/164 164/8/167 10/9/168
f  32/6/165 41/10/169 163/7/166
f  163/7/166 165/11/170 164/8/167
f  163/7/166 51/12/171 165/11/170
f  163/7/166 41/10/169 51/12/171
f  164/8/167 166/13/172 10/9/168
f  164/8/167 165/11/170 166/13/172
f  10/9/168 166/13/172 167/14/173
f  10/9/168 167/14/173 11/15/174
f  165/11/170 168/16/175 166/13/172
f  165/11/170 169/17/176 168/16/175
f  165/11/170 51/12/171 169/17/176
f  51/12/171 58/18/177 169/17/176
f  166/13/172 168/16/175 170/19/178
f  166/13/172 170/19/178 167/14/173
f  167/14/173 170/19/178 26/20/179
f  167/14/173 16/21/180 11/15/174
f  167/14/173 26/20/179 16/21/180
f  168/16/175 169/17/176 171/22/181
f  168/16/175 171/22/181 43/23/182
f  168/16/175 43/23/182 170/19/178
f  169/17/176 67/24/183 171/22/181
f  169/17/176 58/18/177 67/24/183
f  170/19/178 43/23/182 35/25/184
f  170/19/178 35/25/184 26/20/179
f  171/22/181 67/24/183 74/26/185
f  171/22/181 74/26/185 52/27/186
f  171/22/181 52/27/186 43/23/182
f  172/28/187 173/28/188 174/28/189
f  172/28/187 175/28/190 173/28/188
f  172/28/187 176/28/191 175/28/190
f  172/28/187 174/28/189 176/28/191
f  173/28/188 177/28/192 178/28/193
f  173/28/188 179/28/194 177/28/192
f  173/28/188 175/28/190 179/28/194
f  173/28/188 178/28/193 174/28/189
f  174/28/189 178/28/193 180/28/195
f  174/28/189 180/28/195 181/28/196
f  174/28/189 181/28/196 176/28/191
f  175/28/190 176/28/191 182/28/197
f  176/28/191 181/28/196 9/28/198
f  176/28/191 9/28/198 182/28/197
f  178/28/193 183/28/199 180/28/195
f  178/28/193 184/28/200 183/28/199
f  178/28/193 177/28/192 184/28/200
f  179/28/194 185/28/201 177/28/192
f  180/28/195 183/28/199 186/28/202
f  180/28/195 186/28/202 181/28/196
f  181/28/196 186/28/202 187/28/203
f  181/28/196 187/28/203 9/28/198
f  182/28/197 9/28/198 8/28/204
f  9/28/198 187/28/203 6/28/205
f  183/28/199 188/28/206 189/28/207
f  183/28/199 189/28/207 186/28/202
f  183/28/199 184/28/200 188/28/206
f  184/28/200 190/28/208 188/28/206
f  184/28/200 177/28/192 191/28/209
f  184/28/200 191/28/209 190/28/208
f  185/28/201 192/28/210 193/28/211
f  185/28/201 193/28/211 194/28/212
f  185/28/201 194/28/212 177/28/192
f  186/28/202 189/28/207 195/28/213
f  186/28/202 195/28/213 187/28/203
f  187/28/203 196/28/214 6/28/205
f  187/28/203 195/28/213 196/28/214
f  6/28/205 196/28/214 4/28/215
f  189/28/207 197/28/216 198/28/217
f  189/28/207 198/28/217 195/28/213
f  189/28/207 188/28/206 197/28/216
f  177/28/192 199/28/218 191/28/209
f  177/28/192 194/28/212 199/28/218
f  191/28/209 200/28/219 201/28/220
f  191/28/209 201/28/220 190/28/208
f  191/28/209 199/28/218 200/28/219
f  193/28/211 202/28/221 203/28/222
f  193/28/211 203/28/222 204/28/223
f  193/28/211 204/28/223 194/28/212
f  194/28/212 204/28/223 205/28/224
f  194/28/212 205/28/224 199/28/218
f  195/28/213 198/28/217 206/28/225
f  195/28/213 206/28/225 196/28/214
f  196/28/214 207/28/226 4/28/215
f  196/28/214 206/28/225 207/28/226
f  4/28/215 208/28/227 7/28/228
f  4/28/215 207/28/226 208/28/227
f  199/28/218 209/28/229 200/28/219
f  199/28/218 205/28/224 209/28/229
f  201/28/220 210/28/230 190/28/208
f  201/28/220 211/28/231 210/28/230
f  201/28/220 200/28/219 211/28/231
f  202/28/221 212/28/232 213/28/233
f  202/28/221 213/28/233 203/28/222
f  204/28/223 203/28/222 214/28/234
f  204/28/223 214/28/234 205/28/224
f  205/28/224 214/28/234 215/28/235
f  205/28/224 215/28/235 209/28/229
f  209/28/229 215/28/235 200/28/219
f  210/28/230 216/28/236 190/28/208
f  210/28/230 217/28/237 216/28/236
f  210/28/230 218/28/238 217/28/237
f  210/28/230 211/28/231 218/28/238
f  190/28/208 216/28/236 188/28/206
f  211/28/231 215/28/235 219/28/239
f  211/28/231 219/28/239 218/28/238
f  211/28/231 200/28/219 215/28/235
f  212/28/232 220/28/240 221/28/241
f  212/28/232 221/28/241 213/28/233
f  214/28/234 203/28/222 222/28/242
f  214/28/234 222/28/242 219/28/239
f  214/28/234 219/28/239 215/28/235
f  216/28/236 197/28/216 188/28/206
f  216/28/236 223/28/243 197/28/216
f  216/28/236 217/28/237 223/28/243
f  217/28/237 224/28/244 223/28/243
f  217/28/237 225/28/245 224/28/244
f  217/28/237 218/28/238 225/28/245
f  218/28/238 226/28/246 225/28/245
f  218/28/238 219/28/239 226/28/246
f  219/28/239 222/28/242 226/28/246
f  220/28/240 227/28/247 228/28/248
f  220/28/240 228/28/248 229/28/249
f  220/28/240 229/28/249 221/28/241
f  203/28/222 213/28/233 222/28/242
f  222/28/242 213/28/233 230/28/250
f  222/28/242 230/28/250 226/28/246
f  197/28/216 231/28/251 198/28/217
f  197/28/216 223/28/243 231/28/251
f  223/28/243 232/28/252 231/28/251
f  223/28/243 224/28/244 232/28/252
f  225/28/245 233/28/253 224/28/244
f  225/28/245 234/28/254 233/28/253
f  225/28/245 226/28/246 234/28/254
f  226/28/246 230/28/250 234/28/254
f  227/28/247 235/28/255 228/28/248
f  228/28/248 235/28/255 236/28/256
f  228/28/248 236/28/256 237/28/257
f  228/28/248 237/28/257 229/28/249
f  213/28/233 221/28/241 230/28/250
f  230/28/250 221/28/241 238/28/258
f  230/28/250 238/28/258 234/28/254
f  231/28/251 232/28/252 239/28/259
f  231/28/251 239/28/259 240/28/260
f  231/28/251 240/28/260 198/28/217
f  198/28/217 240/28/260 206/28/225
f  235/28/255 241/28/261 236/28/256
f  236/28/256 241/28/261 242/28/262
f  236/28/256 242/28/262 243/28/263
f  236/28/256 243/28/263 237/28/257
f  237/28/257 243/28/263 244/28/264
f  237/28/257 245/28/265 229/28/249
f  237/28/257 244/28/264 245/28/265
f  221/28/241 229/28/249 238/28/258
f  238/28/258 229/28/249 245/28/265
f  238/28/258 245/28/265 246/28/266
f  238/28/258 246/28/266 234/28/254
f  240/28/260 239/28/259 247/28/267
f  240/28/260 247/28/267 248/28/268
f  240/28/260 248/28/268 206/28/225
f  206/28/225 248/28/268 207/28/226
f  241/28/261 1/28/269 242/28/262
f  243/28/263 242/28/262 249/28/270
f  243/28/263 249/28/270 250/28/271
f  243/28/263 250/28/271 244/28/264
f  245/28/265 244/28/264 251/28/272
f  245/28/265 251/28/272 246/28/266
f  244/28/264 250/28/271 252/28/273
f  244/28/264 252/28/273 251/28/272
f  246/28/266 253/28/274 234/28/254
f  246/28/266 254/28/275 253/28/274
f  246/28/266 251/28/272 254/28/275
f  234/28/254 255/28/276 233/28/253
f  234/28/254 253/28/274 255/28/276
f  207/28/226 256/28/277 208/28/227
f  207/28/226 248/28/268 256/28/277
f  1/28/269 3/28/278 257/28/279
f  1/28/269 257/28/279 242/28/262
f  251/28/272 252/28/273 258/28/280
f  251/28/272 258/28/280 254/28/275
f  253/28/274 259/28/281 255/28/276
f  253/28/274 260/28/282 259/28/281
f  253/28/274 254/28/275 260/28/282
f  254/28/275 261/28/283 260/28/282
f  254/28/275 258/28/280 261/28/283
f  233/28/253 255/28/276 262/28/284
f  233/28/253 262/28/284 263/28/285
f  233/28/253 263/28/285 224/28/244
f  3/28/278 5/28/286 257/28/279
f  257/28/279 5/28/286 264/28/287
f  257/28/279 264/28/287 249/28/270
f  257/28/279 249/28/270 242/28/262
f  258/28/280 252/28/273 265/28/288
f  258/28/280 265/28/288 266/28/289
f  258/28/280 266/28/289 261/28/283
f  261/28/283 267/28/290 260/28/282
f  261/28/283 268/28/291 267/28/290
f  261/28/283 266/28/289 268/28/291
f  224/28/244 263/28/285 232/28/252
f  5/28/286 269/28/292 264/28/287
f  5/28/286 7/28/228 269/28/292
f  264/28/287 269/28/292 270/28/293
f  264/28/287 270/28/293 271/28/294
f  264/28/287 271/28/294 249/28/270
f  249/28/270 271/28/294 250/28/271
f  252/28/273 250/28/271 272/28/295
f  252/28/273 272/28/295 265/28/288
f  266/28/289 273/28/296 268/28/291
f  266/28/289 265/28/288 273/28/296
f  265/28/288 272/28/295 274/28/297
f  265/28/288 274/28/297 273/28/296
f  268/28/291 275/28/298 267/28/290
f  268/28/291 276/28/299 275/28/298
f  268/28/291 273/28/296 276/28/299
f  232/28/252 263/28/285 277/28/300
f  232/28/252 277/28/300 239/28/259
f  271/28/294 278/28/301 272/28/295
f  271/28/294 270/28/293 278/28/301
f  271/28/294 272/28/295 250/28/271
f  272/28/295 278/28/301 274/28/297
f  273/28/296 274/28/297 279/28/302
f  273/28/296 279/28/302 276/28/299
f  274/28/297 278/28/301 280/28/303
f  274/28/297 280/28/303 279/28/302
f  275/28/298 281/28/304 267/28/290
f  275/28/298 276/28/299 281/28/304
f  276/28/299 279/28/302 282/28/305
f  276/28/299 282/28/305 281/28/304
f  263/28/285 262/28/284 283/28/306
f  263/28/285 283/28/306 277/28/300
f  277/28/300 283/28/306 284/28/307
f  277/28/300 284/28/307 285/28/308
f  277/28/300 285/28/308 239/28/259
f  239/28/259 285/28/308 247/28/267
f  278/28/301 286/28/309 280/28/303
f  278/28/301 270/28/293 286/28/309
f  281/28/304 282/28/305 287/28/310
f  281/28/304 287/28/310 288/28/311
f  281/28/304 288/28/311 267/28/290
f  267/28/290 288/28/311 260/28/282
f  262/28/284 289/28/312 283/28/306
f  262/28/284 290/28/313 289/28/312
f  262/28/284 255/28/276 290/28/313
f  283/28/306 289/28/312 291/28/314
f  283/28/306 291/28/314 284/28/307
f  285/28/308 284/28/307 247/28/267
f  284/28/307 291/28/314 292/28/315
f  284/28/307 292/28/315 247/28/267
f  247/28/267 292/28/315 248/28/268
f  270/28/293 293/28/316 286/28/309
f  270/28/293 269/28/292 293/28/316
f  288/28/311 287/28/310 294/28/317
f  288/28/311 294/28/317 259/28/281
f  288/28/311 259/28/281 260/28/282
f  289/28/312 295/28/318 291/28/314
f  289/28/312 296/28/319 295/28/318
f  289/28/312 290/28/313 296/28/319
f  255/28/276 259/28/281 290/28/313
f  290/28/313 294/28/317 296/28/319
f  290/28/313 259/28/281 294/28/317
f  291/28/314 295/28/318 297/28/320
f  291/28/314 297/28/320 292/28/315
f  292/28/315 297/28/320 256/28/277
f  292/28/315 256/28/277 248/28/268
f  293/28/316 298/28/321 286/28/309
f  293/28/316 299/28/322 298/28/321
f  293/28/316 300/28/323 299/28/322
f  293/28/316 269/28/292 300/28/323
f  269/28/292 7/28/228 300/28/323
f  294/28/317 301/28/324 296/28/319
f  294/28/317 287/28/310 301/28/324
f  296/28/319 302/28/325 295/28/318
f  296/28/319 301/28/324 302/28/325
f  295/28/318 303/28/326 297/28/320
f  295/28/318 302/28/325 303/28/326
f  297/28/320 303/28/326 304/28/327
f  297/28/320 304/28/327 256/28/277
f  256/28/277 304/28/327 208/28/227
f  286/28/309 298/28/321 280/28/303
f  300/28/323 305/28/328 299/28/322
f  300/28/323 306/28/329 305/28/328
f  300/28/323 7/28/228 306/28/329
f  7/28/228 208/28/227 306/28/329
f  301/28/324 307/28/330 302/28/325
f  301/28/324 282/28/305 307/28/330
f  301/28/324 287/28/310 282/28/305
f  302/28/325 307/28/330 308/28/331
f  302/28/325 308/28/331 303/28/326
f  303/28/326 309/28/332 304/28/327
f  303/28/326 308/28/331 309/28/332
f  304/28/327 309/28/332 306/28/329
f  304/28/327 306/28/329 208/28/227
f  280/28/303 298/28/321 310/28/333
f  280/28/303 310/28/333 279/28/302
f  306/28/329 309/28/332 305/28/328
f  305/28/328 311/28/334 312/28/335
f  305/28/328 312/28/335 299/28/322
f  305/28/328 309/28/332 311/28/334
f  307/28/330 313/28/336 308/28/331
f  307/28/330 279/28/302 313/28/336
f  307/28/330 282/28/305 279/28/302
f  308/28/331 313/28/336 311/28/334
f  308/28/331 311/28/334 309/28/332
f  298/28/321 314/28/337 310/28/333
f  298/28/321 299/28/322 314/28/337
f  310/28/333 312/28/335 313/28/336
f  310/28/333 313/28/336 279/28/302
f  310/28/333 314/28/337 312/28/335
f  311/28/334 313/28/336 312/28/335
f  312/28/335 314/28/337 299/28/322
f  193/29/338 192/30/339 202/31/340
f  192/30/339 315/32/341 316/33/342
f  192/30/339 316/33/342 317/34/343
f  192/30/339 317/34/343 202/31/340
f  192/30/339 185/35/344 315/32/341
f  202/31/340 317/34/343 212/36/345
f  315/32/341 318/37/346 319/38/347
f  315/32/341 319/38/347 316/33/342
f  315/32/341 179/39/348 318/37/346
f  315/32/341 185/35/344 179/39/348
f  316/33/342 319/38/347 320/40/349
f  316/33/342 320/40/349 321/41/350
f  316/33/342 321/41/350 317/34/343
f  317/34/343 321/41/350 322/42/351
f  317/34/343 322/42/351 212/36/345
f  212/36/345 322/42/351 220/43/352
f  318/37/346 182/44/353 319/38/347
f  318/37/346 175/45/354 182/44/353
f  318/37/346 179/39/348 175/45/354
f  319/38/347 182/44/353 8/46/355
f  319/38/347 8/46/355 320/40/349
f  320/40/349 8/46/355 323/47/356
f  320/40/349 323/47/356 321/41/350
f  321/41/350 323/47/356 324/48/357
f  321/41/350 324/48/357 322/42/351
f  322/42/351 324/48/357 227/49/358
f  322/42/351 227/49/358 220/43/352
f  8/46/355 2/50/359 323/47/356
f  323/47/356 1/51/360 324/48/357
f  323/47/356 2/50/359 1/51/360
f  324/48/357 241/52/361 227/49/358
f  324/48/357 1/51/360 241/52/361
f  227/49/358 241/52/361 235/53/362

# Mesh 'DoubleCherryLeafMat00' with 680 faces
g DoubleCherryLeafMat00
usemtl DoubleCherryLeafMat00
f  325/54/363 326/55/364 327/56/365
f  325/54/363 328/57/366 326/55/364
f  327/56/365 326/55/364 329/58/367
f  327/56/365 329/58/367 330/59/368
f  328/57/366 331/60/369 326/55/364
f  330/59/368 329/58/367 332/61/370
f  329/58/367 326/55/364 333/62/371
f  329/58/367 333/62/371 334/63/372
f  329/58/367 334/63/372 332/61/370
f  326/55/364 331/60/369 333/62/371
f  331/60/369 335/64/373 336/65/374
f  331/60/369 336/65/374 333/62/371
f  332/61/370 334/63/372 337/66/375
f  333/62/371 336/65/374 334/63/372
f  334/63/372 338/67/376 339/68/377
f  334/63/372 339/68/377 337/66/375
f  334/63/372 336/65/374 338/67/376
f  335/64/373 340/69/378 336/65/374
f  335/64/373 341/70/379 340/69/378
f  336/65/374 340/69/378 338/67/376
f  338/67/376 342/71/380 339/68/377
f  338/67/376 343/72/381 342/71/380
f  338/67/376 340/69/378 343/72/381
f  340/69/378 341/70/379 344/73/382
f  340/69/378 344/73/382 343/72/381
f  341/70/379 345/74/383 344/73/382
f  342/71/380 343/72/381 346/75/384
f  343/72/381 347/76/385 346/75/384
f  343/72/381 344/73/382 347/76/385
f  344/73/382 345/74/383 348/77/386
f  344/73/382 348/77/386 347/76/385
f  345/74/383 349/78/387 348/77/386
f  346/75/384 347/76/385 350/79/388
f  347/76/385 351/80/389 350/79/388
f  347/76/385 348/77/386 351/80/389
f  348/77/386 349/78/387 352/81/390
f  348/77/386 352/81/390 351/80/389
f  349/78/387 353/82/391 352/81/390
f  350/79/388 351/80/389 354/83/392
f  351/80/389 352/81/390 354/83/392
f  352/81/390 355/84/393 354/83/392
f  352/81/390 353/82/391 356/85/394
f  352/81/390 356/85/394 355/84/393
f  355/84/393 356/85/394 357/86/395
f  325/87/396 327/88/397 358/89/398
f  325/87/396 358/89/398 359/90/399
f  327/88/397 330/91/400 358/89/398
f  358/89/398 330/91/400 360/92/401
f  358/89/398 361/93/402 362/94/403
f  358/89/398 362/94/403 359/90/399
f  358/89/398 360/92/401 361/93/402
f  359/90/399 362/94/403 363/95/404
f  330/91/400 332/96/405 360/92/401
f  360/92/401 332/96/405 364/97/406
f  360/92/401 364/97/406 365/98/407
f  360/92/401 365/98/407 361/93/402
f  361/93/402 365/98/407 366/99/408
f  361/93/402 366/99/408 362/94/403
f  362/94/403 366/99/408 367/100/409
f  362/94/403 367/100/409 363/95/404
f  363/95/404 367/100/409 368/101/410
f  332/96/405 337/102/411 364/97/406
f  364/97/406 337/102/411 369/103/412
f  364/97/406 369/103/412 370/104/413
f  364/97/406 370/104/413 365/98/407
f  365/98/407 370/104/413 366/99/408
f  366/99/408 371/105/414 372/106/415
f  366/99/408 370/104/413 371/105/414
f  366/99/408 372/106/415 367/100/409
f  367/100/409 372/106/415 373/107/416
f  367/100/409 373/107/416 368/101/410
f  337/102/411 339/108/417 369/103/412
f  369/103/412 339/108/417 374/109/418
f  369/103/412 374/109/418 375/110/419
f  369/103/412 375/110/419 370/104/413
f  370/104/413 375/110/419 376/111/420
f  370/104/413 376/111/420 371/105/414
f  371/105/414 376/111/420 372/106/415
f  372/106/415 376/111/420 377/112/421
f  372/106/415 377/112/421 373/107/416
f  373/107/416 377/112/421 378/113/422
f  339/108/417 342/114/423 374/109/418
f  374/109/418 342/114/423 379/115/424
f  374/109/418 380/116/425 375/110/419
f  374/109/418 379/115/424 380/116/425
f  375/110/419 380/116/425 376/111/420
f  376/111/420 381/117/426 377/112/421
f  376/111/420 380/116/425 381/117/426
f  377/112/421 381/117/426 382/118/427
f  377/112/421 382/118/427 378/113/422
f  378/113/422 382/118/427 383/119/428
f  342/114/423 346/120/429 379/115/424
f  379/115/424 346/120/429 384/121/430
f  379/115/424 384/121/430 385/122/431
f  379/115/424 385/122/431 380/116/425
f  380/116/425 385/122/431 386/123/432
f  380/116/425 386/123/432 381/117/426
f  381/117/426 386/123/432 382/118/427
f  382/118/427 386/123/432 387/124/433
f  382/118/427 387/124/433 383/119/428
f  383/119/428 387/124/433 388/125/434
f  346/120/429 350/126/435 384/121/430
f  384/121/430 350/126/435 389/127/436
f  384/121/430 390/128/437 385/122/431
f  384/121/430 389/127/436 390/128/437
f  385/122/431 390/128/437 386/123/432
f  386/123/432 391/129/438 387/124/433
f  386/123/432 390/128/437 391/129/438
f  387/124/433 391/129/438 392/130/439
f  387/124/433 392/130/439 388/125/434
f  388/125/434 392/130/439 393/131/440
f  350/126/435 354/132/441 389/127/436
f  389/127/436 354/132/441 394/133/442
f  389/127/436 394/133/442 390/128/437
f  390/128/437 395/134/443 391/129/438
f  390/128/437 394/133/442 395/134/443
f  391/129/438 395/134/443 392/130/439
f  392/130/439 395/134/443 396/135/444
f  392/130/439 396/135/444 393/131/440
f  393/131/440 396/135/444 397/136/445
f  354/132/441 355/137/446 398/138/447
f  354/132/441 398/138/447 394/133/442
f  394/133/442 398/138/447 395/134/443
f  395/134/443 398/138/447 399/139/448
f  395/134/443 399/139/448 396/135/444
f  396/135/444 399/139/448 400/140/449
f  396/135/444 400/140/449 397/136/445
f  355/137/446 357/141/450 398/138/447
f  398/138/447 401/142/451 399/139/448
f  398/138/447 357/141/450 401/142/451
f  399/139/448 401/142/451 400/140/449
f  325/54/452 402/143/453 403/144/454
f  325/54/452 403/144/454 328/57/455
f  402/143/453 404/145/456 403/144/454
f  402/143/453 405/146/457 404/145/456
f  403/144/454 404/145/456 406/147/458
f  403/144/454 406/147/458 331/60/459
f  403/144/454 331/60/459 328/57/455
f  404/145/456 405/146/457 407/148/460
f  404/145/456 408/149/461 406/147/458
f  404/145/456 407/148/460 408/149/461
f  406/147/458 409/150/462 331/60/459
f  406/147/458 408/149/461 409/150/462
f  331/60/459 409/150/462 335/64/463
f  407/148/460 410/151/464 408/149/461
f  408/149/461 411/152/465 412/153/466
f  408/149/461 410/151/464 411/152/465
f  408/149/461 412/153/466 409/150/462
f  409/150/462 413/154/467 335/64/463
f  409/150/462 412/153/466 413/154/467
f  335/64/463 413/154/467 341/70/468
f  411/152/465 414/155/469 412/153/466
f  412/153/466 414/155/469 415/156/470
f  412/153/466 415/156/470 413/154/467
f  413/154/467 416/157/471 341/70/468
f  413/154/467 415/156/470 416/157/471
f  341/70/468 416/157/471 345/74/472
f  414/155/469 417/158/473 415/156/470
f  415/156/470 417/158/473 418/159/474
f  415/156/470 418/159/474 416/157/471
f  416/157/471 419/160/475 345/74/472
f  416/157/471 418/159/474 419/160/475
f  345/74/472 419/160/475 349/78/476
f  417/158/473 420/161/477 418/159/474
f  418/159/474 420/161/477 421/162/478
f  418/159/474 421/162/478 419/160/475
f  419/160/475 422/163/479 349/78/476
f  419/160/475 421/162/478 422/163/479
f  349/78/476 422/163/479 353/82/480
f  420/161/477 423/164/481 421/162/478
f  421/162/478 423/164/481 422/163/479
f  422/163/479 423/164/481 424/165/482
f  422/163/479 356/85/483 353/82/480
f  422/163/479 424/165/482 356/85/483
f  424/165/482 357/86/484 356/85/483
f  325/87/485 425/89/486 402/88/487
f  325/87/485 359/90/488 425/89/486
f  425/89/486 426/92/489 405/91/490
f  425/89/486 405/91/490 402/88/487
f  425/89/486 427/94/491 428/93/492
f  425/89/486 359/90/488 427/94/491
f  425/89/486 428/93/492 426/92/489
f  359/90/488 363/95/493 427/94/491
f  426/92/489 407/96/494 405/91/490
f  426/92/489 429/97/495 407/96/494
f  426/92/489 430/98/496 429/97/495
f  426/92/489 428/93/492 430/98/496
f  427/94/491 431/100/497 432/99/498
f  427/94/491 363/95/493 431/100/497
f  427/94/491 432/99/498 428/93/492
f  428/93/492 432/99/498 430/98/496
f  363/95/493 368/101/499 431/100/497
f  407/96/494 429/97/495 410/102/500
f  429/97/495 433/103/501 410/102/500
f  429/97/495 434/104/502 433/103/501
f  429/97/495 430/98/496 434/104/502
f  430/98/496 432/99/498 434/104/502
f  431/100/497 373/107/503 435/106/504
f  431/100/497 435/106/504 432/99/498
f  431/100/497 368/101/499 373/107/503
f  432/99/498 435/106/504 436/105/505
f  432/99/498 436/105/505 434/104/502
f  410/102/500 433/103/501 411/108/506
f  433/103/501 437/109/507 411/108/506
f  433/103/501 438/110/508 437/109/507
f  433/103/501 434/104/502 438/110/508
f  434/104/502 439/111/509 438/110/508
f  434/104/502 436/105/505 439/111/509
f  373/107/503 440/112/510 435/106/504
f  373/107/503 378/113/511 440/112/510
f  435/106/504 440/112/510 439/111/509
f  435/106/504 439/111/509 436/105/505
f  411/108/506 437/109/507 414/114/512
f  437/109/507 441/115/513 414/114/512
f  437/109/507 438/110/508 442/116/514
f  437/109/507 442/116/514 441/115/513
f  438/110/508 439/111/509 442/116/514
f  439/111/509 440/112/510 443/117/515
f  439/111/509 443/117/515 442/116/514
f  440/112/510 444/118/516 443/117/515
f  440/112/510 378/113/511 444/118/516
f  378/113/511 383/119/517 444/118/516
f  414/114/512 441/115/513 417/120/518
f  441/115/513 445/121/519 417/120/518
f  441/115/513 446/122/520 445/121/519
f  441/115/513 442/116/514 446/122/520
f  442/116/514 447/123/521 446/122/520
f  442/116/514 443/117/515 447/123/521
f  443/117/515 444/118/516 447/123/521
f  444/118/516 448/124/522 447/123/521
f  444/118/516 383/119/517 448/124/522
f  383/119/517 388/125/523 448/124/522
f  417/120/518 445/121/519 420/126/524
f  445/121/519 449/127/525 420/126/524
f  445/121/519 446/122/520 450/128/526
f  445/121/519 450/128/526 449/127/525
f  446/122/520 447/123/521 450/128/526
f  447/123/521 448/124/522 451/129/527
f  447/123/521 451/129/527 450/128/526
f  448/124/522 452/130/528 451/129/527
f  448/124/522 388/125/523 452/130/528
f  388/125/523 393/131/529 452/130/528
f  420/126/524 449/127/525 423/132/530
f  449/127/525 453/133/531 423/132/530
f  449/127/525 450/128/526 453/133/531
f  450/128/526 451/129/527 454/134/532
f  450/128/526 454/134/532 453/133/531
f  451/129/527 452/130/528 454/134/532
f  452/130/528 455/135/533 454/134/532
f  452/130/528 393/131/529 455/135/533
f  393/131/529 397/136/534 455/135/533
f  423/132/530 456/138/535 424/137/536
f  423/132/530 453/133/531 456/138/535
f  453/133/531 454/134/532 456/138/535
f  454/134/532 457/139/537 456/138/535
f  454/134/532 455/135/533 457/139/537
f  455/135/533 400/140/538 457/139/537
f  455/135/533 397/136/534 400/140/538
f  456/138/535 457/139/537 401/142/539
f  456/138/535 401/142/539 357/141/540
f  456/138/535 357/141/540 424/137/536
f  457/139/537 400/140/538 401/142/539
f  458/166/541 459/167/542 460/168/543
f  458/166/541 460/168/543 461/169/544
f  458/166/541 462/170/545 459/167/542
f  459/167/542 463/171/546 464/172/547
f  459/167/542 464/172/547 465/173/548
f  459/167/542 465/173/548 460/168/543
f  459/167/542 462/170/545 463/171/546
f  460/168/543 466/174/549 467/175/550
f  460/168/543 465/173/548 466/174/549
f  460/168/543 467/175/550 468/176/551
f  460/168/543 468/176/551 469/177/552
f  460/168/543 469/177/552 461/169/544
f  462/170/545 470/178/553 463/171/546
f  462/170/545 471/179/554 470/178/553
f  463/171/546 472/180/555 464/172/547
f  463/171/546 473/181/556 472/180/555
f  463/171/546 470/178/553 473/181/556
f  464/172/547 472/180/555 474/182/557
f  464/172/547 474/182/557 475/183/558
f  464/172/547 475/183/558 465/173/548
f  465/173/548 475/183/558 476/184/559
f  465/173/548 476/184/559 466/174/549
f  466/174/549 476/184/559 467/175/550
f  467/175/550 477/185/560 478/186/561
f  467/175/550 476/184/559 477/185/560
f  467/175/550 478/186/561 468/176/551
f  469/177/552 468/176/551 479/187/562
f  468/176/551 478/186/561 480/188/563
f  468/176/551 480/188/563 479/187/562
f  471/179/554 481/189/564 470/178/553
f  471/179/554 482/190/565 481/189/564
f  475/183/558 474/182/557 483/191/566
f  475/183/558 483/191/566 484/192/567
f  475/183/558 484/192/567 476/184/559
f  476/184/559 484/192/567 477/185/560
f  477/185/560 485/193/568 478/186/561
f  477/185/560 486/194/569 485/193/568
f  477/185/560 484/192/567 486/194/569
f  478/186/561 485/193/568 487/195/570
f  478/186/561 487/195/570 480/188/563
f  479/187/562 480/188/563 488/196/571
f  479/187/562 488/196/571 489/197/572
f  480/188/563 490/198/573 488/196/571
f  480/188/563 487/195/570 490/198/573
f  482/190/565 489/197/572 481/189/564
f  483/191/566 491/199/574 492/200/575
f  483/191/566 492/200/575 484/192/567
f  483/191/566 474/182/557 491/199/574
f  484/192/567 492/200/575 486/194/569
f  485/193/568 493/201/576 487/195/570
f  485/193/568 486/194/569 494/202/577
f  485/193/568 494/202/577 493/201/576
f  486/194/569 492/200/575 494/202/577
f  487/195/570 493/201/576 495/203/578
f  487/195/570 495/203/578 490/198/573
f  488/196/571 490/198/573 496/204/579
f  488/196/571 496/204/579 481/189/564
f  488/196/571 481/189/564 489/197/572
f  490/198/573 495/203/578 497/205/580
f  490/198/573 497/205/580 496/204/579
f  491/199/574 498/206/581 492/200/575
f  491/199/574 499/207/582 498/206/581
f  491/199/574 474/182/557 499/207/582
f  474/182/557 472/180/555 499/207/582
f  493/201/576 500/208/583 501/209/584
f  493/201/576 501/209/584 495/203/578
f  493/201/576 494/202/577 500/208/583
f  494/202/577 492/200/575 500/208/583
f  495/203/578 501/209/584 502/210/585
f  495/203/578 502/210/585 497/205/580
f  496/204/579 503/211/586 481/189/564
f  496/204/579 497/205/580 504/212/587
f  496/204/579 504/212/587 503/211/586
f  481/189/564 503/211/586 505/213/588
f  481/189/564 505/213/588 470/178/553
f  497/205/580 502/210/585 506/214/589
f  497/205/580 506/214/589 504/212/587
f  498/206/581 507/215/590 492/200/575
f  498/206/581 499/207/582 507/215/590
f  499/207/582 472/180/555 508/216/591
f  499/207/582 508/216/591 507/215/590
f  472/180/555 473/181/556 508/216/591
f  500/208/583 492/200/575 501/209/584
f  501/209/584 492/200/575 502/210/585
f  502/210/585 492/200/575 506/214/589
f  503/211/586 504/212/587 505/213/588
f  504/212/587 509/217/592 505/213/588
f  504/212/587 506/214/589 509/217/592
f  505/213/588 509/217/592 473/181/556
f  505/213/588 473/181/556 470/178/553
f  506/214/589 492/200/575 510/218/593
f  506/214/589 510/218/593 509/217/592
f  507/215/590 510/218/593 492/200/575
f  507/215/590 508/216/591 510/218/593
f  508/216/591 473/181/556 509/217/592
f  508/216/591 509/217/592 510/218/593
f  511/219/594 512/220/595 513/221/596
f  511/219/594 514/222/597 512/220/595
f  512/220/595 514/222/597 515/223/598
f  512/220/595 515/223/598 516/224/599
f  512/220/595 516/224/599 517/225/600
f  512/220/595 517/225/600 518/226/601
f  512/220/595 518/226/601 513/221/596
f  513/221/596 518/226/601 519/227/602
f  514/222/597 520/228/603 521/229/604
f  514/222/597 521/229/604 515/223/598
f  515/223/598 521/229/604 522/230/605
f  515/223/598 522/230/605 523/231/606
f  515/223/598 523/231/606 516/224/599
f  516/224/599 523/231/606 524/232/607
f  516/224/599 524/232/607 525/233/608
f  516/224/599 525/233/608 517/225/600
f  517/225/600 525/233/608 526/234/609
f  517/225/600 526/234/609 527/235/610
f  517/225/600 527/235/610 518/226/601
f  518/226/601 528/236/611 519/227/602
f  518/226/601 527/235/610 528/236/611
f  519/227/602 528/236/611 529/237/612
f  521/229/604 520/228/603 530/238/613
f  521/229/604 530/238/613 522/230/605
f  523/231/606 522/230/605 531/239/614
f  523/231/606 531/239/614 532/240/615
f  523/231/606 532/240/615 524/232/607
f  524/232/607 532/240/615 533/241/616
f  524/232/607 533/241/616 534/242/617
f  524/232/607 534/242/617 525/233/608
f  525/233/608 534/242/617 535/243/618
f  525/233/608 535/243/618 526/234/609
f  526/234/609 535/243/618 536/244/619
f  526/234/609 536/244/619 537/245/620
f  526/234/609 537/245/620 527/235/610
f  528/236/611 538/246/621 529/237/612
f  528/236/611 539/247/622 538/246/621
f  528/236/611 527/235/610 539/247/622
f  529/237/612 538/246/621 540/248/623
f  529/237/612 540/248/623 541/249/624
f  532/240/615 531/239/614 542/250/625
f  532/240/615 542/250/625 543/251/626
f  532/240/615 543/251/626 533/241/616
f  534/242/617 533/241/616 544/252/627
f  534/242/617 544/252/627 545/253/628
f  534/242/617 545/253/628 535/243/618
f  535/243/618 545/253/628 546/254/629
f  535/243/618 546/254/629 536/244/619
f  539/247/622 527/235/610 547/255/630
f  540/248/623 548/256/631 549/257/632
f  540/248/623 549/257/632 541/249/624
f  541/249/624 549/257/632 550/258/633
f  544/252/627 551/259/634 545/253/628
f  544/252/627 552/260/635 553/261/636
f  544/252/627 533/241/616 552/260/635
f  544/252/627 553/261/636 551/259/634
f  545/253/628 551/259/634 554/262/637
f  545/253/628 554/262/637 546/254/629
f  527/235/610 537/245/620 547/255/630
f  547/255/630 537/245/620 555/263/638
f  548/256/631 556/264/639 549/257/632
f  548/256/631 555/263/638 556/264/639
f  549/257/632 556/264/639 557/265/640
f  549/257/632 557/265/640 550/258/633
f  551/259/634 558/266/641 554/262/637
f  551/259/634 559/267/642 558/266/641
f  551/259/634 553/261/636 559/267/642
f  553/261/636 479/268/643 559/267/642
f  553/261/636 552/260/635 479/268/643
f  533/241/616 543/251/626 552/260/635
f  552/260/635 543/251/626 469/269/644
f  552/260/635 469/269/644 479/268/643
f  554/262/637 558/266/641 560/270/645
f  554/262/637 560/270/645 561/271/646
f  554/262/637 561/271/646 546/254/629
f  537/245/620 562/272/647 555/263/638
f  537/245/620 536/244/619 562/272/647
f  557/265/640 556/264/639 563/273/648
f  479/268/643 489/274/649 559/267/642
f  543/251/626 461/275/650 469/269/644
f  543/251/626 542/250/625 461/275/650
f  561/271/646 560/270/645 530/238/613
f  561/271/646 564/276/651 565/277/652
f  561/271/646 530/238/613 564/276/651
f  561/271/646 565/277/652 546/254/629
f  546/254/629 565/277/652 536/244/619
f  536/244/619 565/277/652 562/272/647
f  562/272/647 566/278/653 555/263/638
f  562/272/647 564/276/651 566/278/653
f  562/272/647 565/277/652 564/276/651
f  489/274/649 482/279/654 559/267/642
f  461/275/650 542/250/625 458/280/655
f  542/250/625 531/239/614 567/281/656
f  542/250/625 567/281/656 458/280/655
f  530/238/613 560/270/645 568/282/657
f  530/238/613 520/228/603 564/276/651
f  530/238/613 568/282/657 522/230/605
f  564/276/651 520/228/603 566/278/653
f  555/263/638 566/278/653 556/264/639
f  566/278/653 520/228/603 563/273/658
f  566/278/653 563/273/658 556/264/639
f  559/267/642 569/283/659 558/266/641
f  559/267/642 482/279/654 569/283/659
f  458/280/655 567/281/656 462/284/660
f  531/239/614 522/230/605 570/285/661
f  531/239/614 570/285/661 567/281/656
f  560/270/645 558/266/641 571/286/662
f  560/270/645 571/286/662 568/282/657
f  568/282/657 571/286/662 570/285/661
f  568/282/657 570/285/661 522/230/605
f  569/283/659 572/287/663 571/286/662
f  569/283/659 571/286/662 558/266/641
f  569/283/659 482/279/654 572/287/663
f  462/284/660 567/281/656 471/288/664
f  570/285/661 571/286/662 572/287/663
f  570/285/661 572/287/663 567/281/656
f  572/287/663 482/279/654 471/288/664
f  572/287/663 471/288/664 567/281/656
f  573/289/665 574/290/666 575/291/667
f  573/289/665 575/291/667 576/292/668
f  573/289/665 577/293/669 574/290/666
f  574/290/666 578/294/670 579/295/671
f  574/290/666 579/295/671 580/296/672
f  574/290/666 580/296/672 575/291/667
f  574/290/666 577/293/669 578/294/670
f  575/291/667 581/297/673 582/298/674
f  575/291/667 580/296/672 581/297/673
f  575/291/667 582/298/674 583/299/675
f  575/291/667 583/299/675 584/300/676
f  575/291/667 584/300/676 576/292/668
f  577/293/669 585/301/677 578/294/670
f  577/293/669 586/302/678 585/301/677
f  578/294/670 587/303/679 579/295/671
f  578/294/670 588/304/680 587/303/679
f  578/294/670 585/301/677 588/304/680
f  579/295/671 587/303/679 589/305/681
f  579/295/671 589/305/681 590/306/682
f  579/295/671 590/306/682 580/296/672
f  580/296/672 590/306/682 591/307/683
f  580/296/672 591/307/683 581/297/673
f  581/297/673 591/307/683 582/298/674
f  582/298/674 592/308/684 593/309/685
f  582/298/674 591/307/683 592/308/684
f  582/298/674 593/309/685 583/299/675
f  584/300/676 583/299/675 594/310/686
f  583/299/675 593/309/685 595/311/687
f  583/299/675 595/311/687 594/310/686
f  586/302/678 596/312/688 585/301/677
f  586/302/678 597/313/689 596/312/688
f  590/306/682 589/305/681 598/314/690
f  590/306/682 598/314/690 599/315/691
f  590/306/682 599/315/691 591/307/683
f  591/307/683 599/315/691 592/308/684
f  592/308/684 600/316/692 593/309/685
f  592/308/684 601/317/693 600/316/692
f  592/308/684 599/315/691 601/317/693
f  593/309/685 600/316/692 602/318/694
f  593/309/685 602/318/694 595/311/687
f  594/310/686 595/311/687 603/319/695
f  594/310/686 603/319/695 604/320/696
f  595/311/687 605/321/697 603/319/695
f  595/311/687 602/318/694 605/321/697
f  597/313/689 604/320/696 596/312/688
f  598/314/690 606/322/698 607/323/699
f  598/314/690 607/323/699 599/315/691
f  598/314/690 589/305/681 606/322/698
f  599/315/691 607/323/699 601/317/693
f  600/316/692 608/324/700 602/318/694
f  600/316/692 601/317/693 609/325/701
f  600/316/692 609/325/701 608/324/700
f  601/317/693 607/323/699 609/325/701
f  602/318/694 608/324/700 610/326/702
f  602/318/694 610/326/702 605/321/697
f  603/319/695 605/321/697 611/327/703
f  603/319/695 611/327/703 596/312/688
f  603/319/695 596/312/688 604/320/696
f  605/321/697 610/326/702 612/328/704
f  605/321/697 612/328/704 611/327/703
f  606/322/698 613/329/705 607/323/699
f  606/322/698 614/330/706 613/329/705
f  606/322/698 589/305/681 614/330/706
f  589/305/681 587/303/679 614/330/706
f  608/324/700 615/331/707 616/332/708
f  608/324/700 616/332/708 610/326/702
f  608/324/700 609/325/701 615/331/707
f  609/325/701 607/323/699 615/331/707
f  610/326/702 616/332/708 617/333/709
f  610/326/702 617/333/709 612/328/704
f  611/327/703 618/334/710 596/312/688
f  611/327/703 612/328/704 619/335/711
f  611/327/703 619/335/711 618/334/710
f  596/312/688 618/334/710 620/336/712
f  596/312/688 620/336/712 585/301/677
f  612/328/704 617/333/709 621/337/713
f  612/328/704 621/337/713 619/335/711
f  613/329/705 622/338/714 607/323/699
f  613/329/705 614/330/706 622/338/714
f  614/330/706 587/303/679 623/339/715
f  614/330/706 623/339/715 622/338/714
f  587/303/679 588/304/680 623/339/715
f  615/331/707 607/323/699 616/332/708
f  616/332/708 607/323/699 617/333/709
f  617/333/709 607/323/699 621/337/713
f  618/334/710 619/335/711 620/336/712
f  619/335/711 624/340/716 620/336/712
f  619/335/711 621/337/713 624/340/716
f  620/336/712 624/340/716 588/304/680
f  620/336/712 588/304/680 585/301/677
f  621/337/713 607/323/699 625/341/717
f  621/337/713 625/341/717 624/340/716
f  622/338/714 625/341/717 607/323/699
f  622/338/714 623/339/715 625/341/717
f  623/339/715 588/304/680 624/340/716
f  623/339/715 624/340/716 625/341/717
f  513/342/718 519/343/719 626/344/720
f  513/342/718 626/344/720 511/345/721
f  519/343/719 627/346/722 626/344/720
f  519/343/719 529/347/723 627/346/722
f  626/344/720 628/348/724 629/349/725
f  626/344/720 627/346/722 628/348/724
f  626/344/720 629/349/725 511/345/721
f  511/345/721 629/349/725 630/350/726
f  511/345/721 630/350/726 514/351/727
f  627/346/722 541/352/728 631/353/729
f  627/346/722 529/347/723 541/352/728
f  627/346/722 631/353/729 632/354/730
f  627/346/722 632/354/730 628/348/724
f  628/348/724 633/355/731 634/356/732
f  628/348/724 632/354/730 633/355/731
f  628/348/724 634/356/732 629/349/725
f  629/349/725 634/356/732 635/357/733
f  629/349/725 635/357/733 630/350/726
f  630/350/726 636/358/734 514/351/727
f  630/350/726 635/357/733 637/359/735
f  630/350/726 637/359/735 636/358/734
f  514/351/727 636/358/734 520/360/736
f  541/352/728 550/361/737 638/362/738
f  541/352/728 638/362/738 631/353/729
f  631/353/729 638/362/738 632/354/730
f  632/354/730 638/362/738 639/363/739
f  632/354/730 639/363/739 640/364/740
f  632/354/730 640/364/740 633/355/731
f  633/355/731 640/364/740 641/365/741
f  633/355/731 641/365/741 642/366/742
f  633/355/731 642/366/742 634/356/732
f  634/356/732 642/366/742 643/367/743
f  634/356/732 643/367/743 635/357/733
f  635/357/733 643/367/743 644/368/744
f  635/357/733 644/368/744 637/359/735
f  637/359/735 644/368/744 645/369/745
f  637/359/735 645/369/745 646/370/746
f  637/359/735 646/370/746 636/358/734
f  550/361/737 557/371/747 647/372/748
f  550/361/737 647/372/748 638/362/738
f  638/362/738 647/372/748 639/363/739
f  639/363/739 647/372/748 648/373/749
f  639/363/739 648/373/749 649/374/750
f  639/363/739 649/374/750 640/364/740
f  640/364/740 649/374/750 650/375/751
f  640/364/740 650/375/751 641/365/741
f  643/367/743 642/366/742 651/376/752
f  643/367/743 651/376/752 652/377/753
f  643/367/743 652/377/753 644/368/744
f  644/368/744 652/377/753 645/369/745
f  645/369/745 652/377/753 653/378/754
f  645/369/745 653/378/754 654/379/755
f  645/369/745 654/379/755 646/370/746
f  557/371/747 520/360/736 647/372/748
f  557/371/747 563/380/756 520/360/736
f  647/372/748 520/360/736 655/381/757
f  647/372/748 655/381/757 648/373/749
f  648/373/749 655/381/757 656/382/758
f  648/373/749 656/382/758 649/374/750
f  649/374/750 656/382/758 657/383/759
f  649/374/750 657/383/759 650/375/751
f  650/375/751 657/383/759 658/384/760
f  650/375/751 658/384/760 659/385/761
f  650/375/751 659/385/761 641/365/741
f  654/379/755 660/386/762 657/383/759
f  654/379/755 653/378/754 660/386/762
f  654/379/755 657/383/759 646/370/746
f  520/360/736 636/358/734 655/381/757
f  655/381/757 636/358/734 646/370/746
f  655/381/757 646/370/746 656/382/758
f  656/382/758 646/370/746 657/383/759
f  657/383/759 660/386/762 658/384/760
f  658/384/760 661/387/763 662/388/764
f  658/384/760 660/386/762 661/387/763
f  658/384/760 662/388/764 663/389/765
f  658/384/760 663/389/765 659/385/761
f  659/385/761 663/389/765 664/390/766
f  659/385/761 664/390/766 641/365/741
f  641/365/741 664/390/766 642/366/742
f  660/386/762 653/378/754 661/387/763
f  661/387/763 597/391/767 586/392/768
f  661/387/763 665/393/769 597/391/767
f  661/387/763 586/392/768 662/388/764
f  661/387/763 653/378/754 665/393/769
f  662/388/764 586/392/768 577/394/770
f  662/388/764 577/394/770 663/389/765
f  663/389/765 666/395/771 664/390/766
f  663/389/765 573/396/772 666/395/771
f  663/389/765 577/394/770 573/396/772
f  664/390/766 666/395/771 667/397/773
f  664/390/766 667/397/773 642/366/742
f  642/366/742 667/397/773 651/376/752
f  653/378/754 652/377/753 665/393/769
f  597/391/767 665/393/769 604/398/774
f  665/393/769 668/399/775 604/398/774
f  665/393/769 652/377/753 668/399/775
f  666/395/771 669/400/776 667/397/773
f  666/395/771 576/401/777 584/402/778
f  666/395/771 584/402/778 669/400/776
f  666/395/771 573/396/772 576/401/777
f  667/397/773 669/400/776 670/403/779
f  667/397/773 670/403/779 651/376/752
f  651/376/752 668/399/775 652/377/753
f  651/376/752 670/403/779 668/399/775
f  604/398/774 670/403/779 594/404/780
f  604/398/774 668/399/775 670/403/779
f  669/400/776 584/402/778 594/404/780
f  669/400/776 594/404/780 670/403/779

# Mesh 'DoubleCherryEyeMat00' with 352 faces
g DoubleCherryEyeMat00
usemtl DoubleCherryEyeMat00
f  671/405/781 672/405/782 673/405/783
f  673/405/783 672/405/782 674/405/784
f  674/405/784 672/405/782 675/405/785
f  672/405/782 676/405/786 675/405/785
f  675/405/785 676/405/786 677/405/787
f  676/405/786 678/405/788 679/405/789
f  676/405/786 679/405/789 677/405/787
f  678/405/788 680/405/790 679/405/789
f  679/405/789 680/405/790 681/405/791
f  680/405/790 682/405/792 681/405/791
f  681/405/791 682/405/792 683/405/793
f  682/405/792 684/405/794 685/405/795
f  682/405/792 685/405/795 683/405/793
f  682/405/792 686/405/796 684/405/794
f  687/406/797 672/406/798 671/406/799
f  687/406/797 688/406/800 672/406/798
f  672/406/798 689/406/801 676/406/802
f  672/406/798 688/406/800 689/406/801
f  689/406/801 690/406/803 676/406/802
f  676/406/802 691/406/804 678/406/805
f  676/406/802 690/406/803 691/406/804
f  691/406/804 692/406/806 680/406/807
f  691/406/804 680/406/807 678/406/805
f  692/406/806 693/406/808 680/406/807
f  680/406/807 693/406/808 682/406/809
f  693/406/808 694/406/810 682/406/809
f  682/406/809 694/406/810 695/406/811
f  682/406/809 695/406/811 686/406/812
f  674/407/813 696/408/814 697/409/815
f  674/407/813 697/409/815 673/410/816
f  674/407/813 675/411/817 696/408/814
f  696/408/814 677/412/818 698/413/819
f  696/408/814 698/413/819 699/414/820
f  696/408/814 699/414/820 700/415/821
f  696/408/814 675/411/817 677/412/818
f  696/408/814 700/415/821 697/409/815
f  697/409/815 701/416/822 671/417/823
f  697/409/815 671/417/823 673/410/816
f  697/409/815 700/415/821 701/416/822
f  677/412/818 679/418/824 698/413/819
f  698/413/819 679/418/824 702/419/825
f  698/413/819 702/419/825 699/414/820
f  699/414/820 703/420/826 704/419/827
f  699/414/820 704/419/827 705/413/828
f  699/414/820 705/413/828 706/408/829
f  699/414/820 702/419/825 703/420/826
f  699/414/820 706/408/829 700/415/821
f  700/415/821 706/408/829 707/409/830
f  700/415/821 707/409/830 701/416/822
f  701/416/822 707/409/830 671/417/823
f  671/417/823 707/409/830 687/410/831
f  679/418/824 681/421/832 702/419/825
f  702/419/825 708/422/833 703/420/826
f  702/419/825 681/421/832 708/422/833
f  703/420/826 709/423/834 704/419/827
f  703/420/826 710/424/835 709/423/834
f  703/420/826 708/422/833 710/424/835
f  704/419/827 692/421/836 691/418/837
f  704/419/827 691/418/837 705/413/828
f  704/419/827 709/423/834 692/421/836
f  705/413/828 691/418/837 690/412/838
f  705/413/828 690/412/838 706/408/829
f  706/408/829 690/412/838 689/411/839
f  706/408/829 688/407/840 707/409/830
f  706/408/829 689/411/839 688/407/840
f  707/409/830 688/407/840 687/410/831
f  681/421/832 683/425/841 708/422/833
f  708/422/833 711/405/842 710/424/835
f  708/422/833 683/425/841 711/405/842
f  710/424/835 712/426/843 709/423/834
f  710/424/835 711/405/842 712/426/843
f  709/423/834 693/425/844 692/421/836
f  709/423/834 713/405/845 693/425/844
f  709/423/834 712/426/843 713/405/845
f  683/425/841 685/427/846 711/405/842
f  711/405/842 714/428/847 712/426/843
f  711/405/842 685/427/846 714/428/847
f  712/426/843 715/428/848 713/405/845
f  712/426/843 714/428/847 716/429/849
f  712/426/843 716/429/849 715/428/848
f  693/425/844 713/405/845 694/427/850
f  713/405/845 715/428/848 694/427/850
f  685/427/846 684/430/851 714/428/847
f  714/428/847 686/431/852 716/429/849
f  714/428/847 684/430/851 686/431/852
f  715/428/848 695/430/853 694/427/850
f  715/428/848 716/429/849 686/431/852
f  715/428/848 686/431/852 695/430/853
f  717/405/854 718/405/855 719/405/856
f  717/405/854 720/405/857 718/405/855
f  718/405/855 721/405/858 722/405/859
f  718/405/855 720/405/857 721/405/858
f  721/405/858 723/405/860 722/405/859
f  722/405/859 724/405/861 725/405/862
f  722/405/859 723/405/860 724/405/861
f  724/405/861 726/405/863 725/405/862
f  724/405/861 727/405/864 726/405/863
f  726/405/863 727/405/864 728/405/865
f  727/405/864 729/405/866 728/405/865
f  728/405/865 730/405/867 731/405/868
f  728/405/865 729/405/866 730/405/867
f  728/405/865 731/405/868 732/405/869
f  719/406/870 718/406/871 733/406/872
f  718/406/871 722/406/873 734/406/874
f  718/406/871 734/406/874 735/406/875
f  718/406/871 735/406/875 733/406/872
f  722/406/873 725/406/876 736/406/877
f  722/406/873 736/406/877 737/406/878
f  722/406/873 737/406/878 734/406/874
f  725/406/876 726/406/879 736/406/877
f  736/406/877 726/406/879 738/406/880
f  726/406/879 739/406/881 738/406/880
f  726/406/879 728/406/882 739/406/881
f  739/406/881 728/406/882 740/406/883
f  728/406/882 741/406/884 740/406/883
f  728/406/882 732/406/885 741/406/884
f  721/411/886 742/408/887 723/412/888
f  721/411/886 720/407/889 742/408/887
f  742/408/887 743/409/890 744/415/891
f  742/408/887 720/407/889 743/409/890
f  742/408/887 744/415/891 745/414/892
f  742/408/887 746/413/893 723/412/888
f  742/408/887 745/414/892 746/413/893
f  723/412/888 746/413/893 724/418/894
f  720/407/889 717/410/895 743/409/890
f  743/409/890 719/417/896 747/416/897
f  743/409/890 747/416/897 744/415/891
f  743/409/890 717/410/895 719/417/896
f  744/415/891 748/409/898 749/408/899
f  744/415/891 749/408/899 745/414/892
f  744/415/891 747/416/897 748/409/898
f  746/413/893 750/419/900 724/418/894
f  746/413/893 745/414/892 750/419/900
f  724/418/894 750/419/900 727/421/901
f  719/417/896 748/409/898 747/416/897
f  719/417/896 733/410/902 748/409/898
f  748/409/898 735/407/903 749/408/899
f  748/409/898 733/410/902 735/407/903
f  749/408/899 737/412/904 751/413/905
f  749/408/899 751/413/905 745/414/892
f  749/408/899 734/411/906 737/412/904
f  749/408/899 735/407/903 734/411/906
f  750/419/900 752/420/907 753/422/908
f  750/419/900 745/414/892 752/420/907
f  750/419/900 753/422/908 727/421/901
f  727/421/901 753/422/908 729/425/909
f  737/412/904 736/418/910 751/413/905
f  751/413/905 736/418/910 754/419/911
f  751/413/905 754/419/911 745/414/892
f  752/420/907 754/419/911 755/423/912
f  752/420/907 745/414/892 754/419/911
f  752/420/907 755/423/912 756/424/913
f  752/420/907 756/424/913 753/422/908
f  753/422/908 756/424/913 757/405/914
f  753/422/908 757/405/914 729/425/909
f  729/425/909 757/405/914 730/427/915
f  736/418/910 738/421/916 754/419/911
f  754/419/911 738/421/916 755/423/912
f  755/423/912 738/421/916 739/425/917
f  755/423/912 739/425/917 758/405/918
f  755/423/912 759/426/919 756/424/913
f  755/423/912 758/405/918 759/426/919
f  756/424/913 759/426/919 757/405/914
f  757/405/914 759/426/919 760/428/920
f  757/405/914 760/428/920 730/427/915
f  730/427/915 760/428/920 731/430/921
f  739/425/917 740/427/922 758/405/918
f  758/405/918 761/428/923 759/426/919
f  758/405/918 740/427/922 761/428/923
f  759/426/919 762/429/924 760/428/920
f  759/426/919 761/428/923 762/429/924
f  760/428/920 762/429/924 732/431/925
f  760/428/920 732/431/925 731/430/921
f  740/427/922 741/430/926 761/428/923
f  761/428/923 732/431/925 762/429/924
f  761/428/923 741/430/926 732/431/925
f  763/405/927 764/405/928 765/405/929
f  763/405/927 766/405/930 764/405/928
f  764/405/928 767/405/931 768/405/932
f  764/405/928 766/405/930 767/405/931
f  767/405/931 769/405/933 768/405/932
f  768/405/932 770/405/934 771/405/935
f  768/405/932 769/405/933 770/405/934
f  770/405/934 772/405/936 771/405/935
f  770/405/934 773/405/937 772/405/936
f  772/405/936 773/405/937 774/405/938
f  773/405/937 775/405/939 774/405/938
f  774/405/938 776/405/940 777/405/941
f  774/405/938 775/405/939 776/405/940
f  774/405/938 777/405/941 778/405/942
f  765/406/943 764/406/944 779/406/945
f  764/406/944 768/406/946 780/406/947
f  764/406/944 780/406/947 781/406/948
f  764/406/944 781/406/948 779/406/945
f  768/406/946 771/406/949 782/406/950
f  768/406/946 782/406/950 783/406/951
f  768/406/946 783/406/951 780/406/947
f  771/406/949 772/406/952 782/406/950
f  782/406/950 772/406/952 784/406/953
f  772/406/952 785/406/954 784/406/953
f  772/406/952 774/406/955 785/406/954
f  785/406/954 774/406/955 786/406/956
f  774/406/955 787/406/957 786/406/956
f  774/406/955 778/406/958 787/406/957
f  767/411/959 788/408/960 769/412/961
f  767/411/959 766/407/962 788/408/960
f  788/408/960 789/409/963 790/415/964
f  788/408/960 766/407/962 789/409/963
f  788/408/960 790/415/964 791/414/965
f  788/408/960 792/413/966 769/412/961
f  788/408/960 791/414/965 792/413/966
f  769/412/961 792/413/966 770/418/967
f  766/407/962 763/410/968 789/409/963
f  789/409/963 765/417/969 793/416/970
f  789/409/963 793/416/970 790/415/964
f  789/409/963 763/410/968 765/417/969
f  790/415/964 794/409/971 795/408/972
f  790/415/964 795/408/972 791/414/965
f  790/415/964 793/416/970 794/409/971
f  792/413/966 796/419/973 770/418/967
f  792/413/966 791/414/965 796/419/973
f  770/418/967 796/419/973 773/421/974
f  765/417/969 794/409/971 793/416/970
f  765/417/969 779/410/975 794/409/971
f  794/409/971 781/407/976 795/408/972
f  794/409/971 779/410/975 781/407/976
f  795/408/972 783/412/977 797/413/978
f  795/408/972 797/413/978 791/414/965
f  795/408/972 780/411/979 783/412/977
f  795/408/972 781/407/976 780/411/979
f  796/419/973 798/420/980 799/422/981
f  796/419/973 791/414/965 798/420/980
f  796/419/973 799/422/981 773/421/974
f  773/421/974 799/422/981 775/425/982
f  783/412/977 782/418/983 797/413/978
f  797/413/978 782/418/983 800/419/984
f  797/413/978 800/419/984 791/414/965
f  798/420/980 800/419/984 801/423/985
f  798/420/980 791/414/965 800/419/984
f  798/420/980 801/423/985 802/424/986
f  798/420/980 802/424/986 799/422/981
f  799/422/981 802/424/986 803/405/987
f  799/422/981 803/405/987 775/425/982
f  775/425/982 803/405/987 776/427/988
f  782/418/983 784/421/989 800/419/984
f  800/419/984 784/421/989 801/423/985
f  801/423/985 784/421/989 785/425/990
f  801/423/985 785/425/990 804/405/991
f  801/423/985 805/426/992 802/424/986
f  801/423/985 804/405/991 805/426/992
f  802/424/986 805/426/992 803/405/987
f  803/405/987 805/426/992 806/428/993
f  803/405/987 806/428/993 776/427/988
f  776/427/988 806/428/993 777/430/994
f  785/425/990 786/427/995 804/405/991
f  804/405/991 807/428/996 805/426/992
f  804/405/991 786/427/995 807/428/996
f  805/426/992 808/429/997 806/428/993
f  805/426/992 807/428/996 808/429/997
f  806/428/993 808/429/997 778/431/998
f  806/428/993 778/431/998 777/430/994
f  786/427/995 787/430/999 807/428/996
f  807/428/996 778/431/998 808/429/997
f  807/428/996 787/430/999 778/431/998
f  809/405/1000 810/405/1001 811/405/1002
f  810/405/1001 812/405/1003 813/405/1004
f  810/405/1001 813/405/1004 814/405/1005
f  810/405/1001 814/405/1005 811/405/1002
f  812/405/1003 815/405/1006 816/405/1007
f  812/405/1003 816/405/1007 817/405/1008
f  812/405/1003 817/405/1008 813/405/1004
f  815/405/1006 818/405/1009 816/405/1007
f  816/405/1007 818/405/1009 819/405/1010
f  818/405/1009 820/405/1011 819/405/1010
f  819/405/1010 820/405/1011 821/405/1012
f  820/405/1011 822/405/1013 823/405/1014
f  820/405/1011 823/405/1014 821/405/1012
f  820/405/1011 824/405/1015 822/405/1013
f  825/406/1016 810/406/1017 809/406/1018
f  825/406/1016 826/406/1019 810/406/1017
f  810/406/1017 827/406/1020 812/406/1021
f  810/406/1017 826/406/1019 827/406/1020
f  827/406/1020 828/406/1022 812/406/1021
f  812/406/1021 829/406/1023 815/406/1024
f  812/406/1021 828/406/1022 829/406/1023
f  829/406/1023 830/406/1025 818/406/1026
f  829/406/1023 818/406/1026 815/406/1024
f  830/406/1025 831/406/1027 818/406/1026
f  818/406/1026 831/406/1027 820/406/1028
f  831/406/1027 832/406/1029 820/406/1028
f  820/406/1028 832/406/1029 833/406/1030
f  820/406/1028 833/406/1030 824/406/1031
f  823/427/1032 834/428/1033 835/405/1034
f  823/427/1032 835/405/1034 821/425/1035
f  823/427/1032 822/430/1036 834/428/1033
f  834/428/1033 824/431/1037 836/429/1038
f  834/428/1033 836/429/1038 837/426/1039
f  834/428/1033 822/430/1036 824/431/1037
f  834/428/1033 837/426/1039 835/405/1034
f  835/405/1034 838/424/1040 839/422/1041
f  835/405/1034 839/422/1041 821/425/1035
f  835/405/1034 837/426/1039 838/424/1040
f  821/425/1035 839/422/1041 819/421/1042
f  824/431/1037 840/428/1043 836/429/1038
f  824/431/1037 833/430/1044 840/428/1043
f  836/429/1038 840/428/1043 837/426/1039
f  837/426/1039 840/428/1043 841/405/1045
f  837/426/1039 841/405/1045 842/423/1046
f  837/426/1039 842/423/1046 838/424/1040
f  838/424/1040 843/420/1047 839/422/1041
f  838/424/1040 842/423/1046 843/420/1047
f  839/422/1041 843/420/1047 844/419/1048
f  839/422/1041 844/419/1048 819/421/1042
f  819/421/1042 844/419/1048 816/418/1049
f  840/428/1043 832/427/1050 841/405/1045
f  840/428/1043 833/430/1044 832/427/1050
f  841/405/1045 832/427/1050 831/425/1051
f  841/405/1045 831/425/1051 842/423/1046
f  842/423/1046 830/421/1052 845/419/1053
f  842/423/1046 831/425/1051 830/421/1052
f  842/423/1046 845/419/1053 843/420/1047
f  843/420/1047 846/414/1054 844/419/1048
f  843/420/1047 845/419/1053 846/414/1054
f  844/419/1048 846/414/1054 847/413/1055
f  844/419/1048 847/413/1055 816/418/1049
f  816/418/1049 847/413/1055 817/412/1056
f  830/421/1052 829/418/1057 845/419/1053
f  845/419/1053 829/418/1057 848/413/1058
f  845/419/1053 848/413/1058 846/414/1054
f  846/414/1054 848/413/1058 849/408/1059
f  846/414/1054 849/408/1059 850/415/1060
f  846/414/1054 850/415/1060 851/408/1061
f  846/414/1054 851/408/1061 847/413/1055
f  847/413/1055 851/408/1061 817/412/1056
f  817/412/1056 851/408/1061 813/411/1062
f  829/418/1057 828/412/1063 848/413/1058
f  848/413/1058 828/412/1063 849/408/1059
f  849/408/1059 828/412/1063 827/411/1064
f  849/408/1059 852/409/1065 850/415/1060
f  849/408/1059 826/407/1066 852/409/1065
f  849/408/1059 827/411/1064 826/407/1066
f  850/415/1060 852/409/1065 853/416/1067
f  850/415/1060 854/409/1068 851/408/1061
f  850/415/1060 853/416/1067 854/409/1068
f  851/408/1061 814/407/1069 813/411/1062
f  851/408/1061 854/409/1068 814/407/1069
f  852/409/1065 826/407/1066 825/410/1070
f  852/409/1065 825/410/1070 809/417/1071
f  852/409/1065 809/417/1071 853/416/1067
f  853/416/1067 809/417/1071 854/409/1068
f  854/409/1068 809/417/1071 811/410/1072
f  854/409/1068 811/410/1072 814/407/1069

